id_cliente,nome,cidade,estado
101,João Mendes,Belo Horizonte,MG
102,Larissa Santos,Goiânia,GO
103,,Belo Horizonte,MG
104,Larissa Pereira,Fortaleza,CE
105,Bruno Silva,Curitiba,PR
106,Ana Pereira,Salvador,BA
107,Juliana Ferreira,Goiânia,GO
108, Rafael Oliveira ,Brasília,Df
109,Amanda Ferreira,Goiânia,GO
110, Fernanda Ribeiro ,Rio de Janeiro,RJ
111,Gabriel Mendes,Recife,PE
112,Juliana Ferreira,Belo Horizonte,MG
113,Pedro Costa,Fortaleza,CE
114,Gabriel Mendes,Fortaleza,CE
115,Maria Alves,São Paulo,SP
116,Pedro Pereira,Goiânia,GO
117,Beatriz Gomes,Recife,PE
118,Larissa Mendes,Goiânia,GO
119,Juliana Alves,Curitiba,PR
120,Maria Oliveira,Curitiba,PR
121,Patricia Santos,Brasília,DF
122,Diego Mendes,Fortaleza,CE
123,,Rio de Janeiro,RJ
124,Bruno Carvalho,Rio de Janeiro,RJ
125,João Mendes,Fortaleza,CE
126,Carlos Ribeiro,Fortaleza,CE
127,Mariana Silva,Goiânia,GO
128,,Salvador,BA
129,Camila Alves,São Paulo,SP
130,Pedro Santos,Recife,PE
131,Larissa Lima,Curitiba,PR
132,Mariana Mendes,Fortaleza,CE
133,Lucas Pereira,Porto Alegre,RS
134,Juliana Rocha,Fortaleza,CE
135,Pedro Carvalho,São Paulo,SP
136,Fernanda Silva,Rio de Janeiro,RJ
137, Pedro Souza ,Salvador,Ba
138,Beatriz Pereira,Fortaleza,CE
139,Thiago Barbosa,Belo Horizonte,MG
140,Lucas Oliveira,Rio de Janeiro,RJ
141,Patricia Rocha,São Paulo,SP
142,Carlos Souza,Brasília,DF
143,Carlos Alves,Belo Horizonte,MG
144,Patricia Costa,Porto Alegre,RS
145,Pedro Rocha,Fortaleza,
146,Larissa Silva,Rio de Janeiro,RJ
147,Mariana Martins,Recife,PE
148,Maria Costa,,df
149,Rafael Ribeiro,Brasília,DF
150,Larissa Barbosa,Curitiba,PR
151,Maria Souza,Salvador,Ba
152,Diego Costa,São Paulo,SP
153,Mariana Santos,Goiânia,Go
154,Gabriel Oliveira,Goiânia,GO
155,Amanda Santos,Brasília,DF
156,Renato Mendes,Belo Horizonte,MG
157,Bruno Gomes,Curitiba,PR
158,Renato Santos,São Paulo,SP
159,Carlos Santos,Fortaleza,CE
160,Juliana Santos,Belo Horizonte,MG
161,Larissa Ribeiro,Goiânia,GO
162,Diego Silva,Fortaleza,CE
163,Ana Mendes,Rio de Janeiro,RJ
164,Ana Mendes,Porto Alegre,RS
165,Lucas Mendes,Fortaleza,CE
166,Maria Santos,Brasília,DF
167, Renato Lima ,Porto Alegre,RS
168,Patricia Silva,Rio de Janeiro,Rj
169,Ana Souza,Salvador,BA
170,Ana Souza,Porto Alegre,RS
171,Maria Ferreira,Belo Horizonte,MG
172,Juliana Martins,Goiânia,GO
173,Fernanda Costa,Curitiba,PR
174,,Salvador,BA
175,Fernanda Mendes,Curitiba,PR
176,Maria Barbosa,Belo Horizonte,MG
177,Juliana Ribeiro,Belo Horizonte,MG
178,Gabriel Carvalho,Porto Alegre,RS
179,Bruno Ferreira,Fortaleza,CE
180,Larissa Carvalho,São Paulo,SP
181,Mariana Mendes,São Paulo,SP
182,Renato Martins,Goiânia,GO
183,Thiago Pereira,Porto Alegre,rs
184,Diego Pereira,Salvador,BA
185,Renato Carvalho,Rio de Janeiro,RJ
186,Camila Martins,Salvador,BA
187,Ana Pereira,Brasília,DF
188,Mariana Ribeiro,Brasília,DF
189,,Porto Alegre,RS
190,Amanda Carvalho,Recife,PE
191,Diego Barbosa,Curitiba,PR
192,Amanda Carvalho,Rio de Janeiro,RJ
193,Camila Alves,Belo Horizonte,MG
194, Beatriz Santos ,Recife,PE
195,Lucas Gomes,Recife,PE
196,João Oliveira,Brasília,DF
197,Diego Rocha,São Paulo,SP
198,Carlos Rocha,Curitiba,PR
199,Larissa Carvalho,Recife,PE
200,Diego Martins,Fortaleza,CE
201,Beatriz Rocha,Porto Alegre,RS
202,Bruno Barbosa,Belo Horizonte,MG
203, Camila Alves ,Porto Alegre,RS
204,Pedro Lima,Curitiba,PR
205,Lucas Santos,Brasília,DF
206,Patricia Souza,Belo Horizonte,MG
207,Thiago Silva,Goiânia,GO
208,,Salvador,BA
209,Patricia Alves,Recife,PE
210,João Gomes,Salvador,BA
211,Mariana Rocha,Curitiba,PR
212,Gabriel Silva,Rio de Janeiro,RJ
213,Rafael Costa,São Paulo,SP
214,Rafael Carvalho,Salvador,BA
215,Patricia Mendes,Rio de Janeiro,RJ
216,Maria Ferreira,Belo Horizonte,MG
217,Maria Silva,Belo Horizonte,MG
218,,Curitiba,PR
219,Carlos Pereira,Recife,PE
220,Mariana Oliveira,Curitiba,PR
221,João Ribeiro,Goiânia,GO
222,Gabriel Pereira,Rio de Janeiro,RJ
223,Fernanda Oliveira,Porto Alegre,RS
224,Carlos Souza,Salvador,BA
225,Pedro Carvalho,São Paulo,SP
226,Carlos Martins,Salvador,BA
227,Ana Martins,Curitiba,PR
228,Bruno Barbosa,Recife,PE
229,Bruno Carvalho,Belo Horizonte,MG
230,Rafael Alves,Recife,PE
231,Renato Silva,Recife,PE
232,Lucas Ferreira,Porto Alegre,RS
233,Bruno Silva,Fortaleza,CE
234,Patricia Barbosa,Fortaleza,CE
235,Beatriz Rocha,São Paulo,
236,Fernanda Ribeiro,Goiânia,GO
237,Juliana Martins,Fortaleza,CE
238,Bruno Ribeiro,Porto Alegre,RS
239,Renato Oliveira,Fortaleza,CE
240,Lucas Pereira,Recife,PE
241,Diego Ribeiro,Rio de Janeiro,RJ
242,Juliana Costa,,rs
243,Bruno Souza,São Paulo,SP
244,Ana Barbosa,Rio de Janeiro,RJ
245,Beatriz Barbosa,Recife,PE
246,Bruno Barbosa,Rio de Janeiro,RJ
247,Pedro Souza,Curitiba,PR
248,Camila Santos,Belo Horizonte,MG
249,Amanda Alves,Fortaleza,CE
250,Camila Martins,Porto Alegre,RS
251, Carlos Pereira ,Belo Horizonte,MG
252,Fernanda Costa,Fortaleza,Ce
253,,Recife,PE
254,Maria Alves,Porto Alegre,RS
255,Rafael Santos,Belo Horizonte,MG
256,Thiago Pereira,Brasília,DF
257,Ana Mendes,Curitiba,Pr
258,Camila Ribeiro,Recife,PE
259,Gabriel Mendes,Fortaleza,CE
260,Amanda Souza,Brasília,DF
261,João Santos,Belo Horizonte,MG
262,Thiago Silva,Porto Alegre,RS
263,Mariana Barbosa,Fortaleza,CE
264,Mariana Martins,Recife,PE
265,Patricia Carvalho,Salvador,BA
266,Renato Martins,Recife,PE
267,Larissa Souza,Recife,
268,Carlos Gomes,Fortaleza,CE
269,,Fortaleza,CE
270, Diego Ferreira ,Goiânia,GO
271,Maria Pereira,Porto Alegre,RS
272,Rafael Barbosa,,rj
273,Fernanda Costa,Porto Alegre,RS
274,Pedro Alves,Rio de Janeiro,RJ
275,Ana Barbosa,Porto Alegre,RS
276,Beatriz Barbosa,Belo Horizonte,MG
277,Lucas Lima,Rio de Janeiro,RJ
278,Patricia Carvalho,Fortaleza,CE
279,,Porto Alegre,RS
280,Beatriz Lima,Recife,PE
281,Larissa Gomes,Recife,PE
282,Fernanda Gomes,Belo Horizonte,MG
283,Renato Barbosa,Brasília,DF
284,Ana Barbosa,São Paulo,SP
285,Renato Oliveira,Recife,
286,João Lima,Brasília,DF
287,Pedro Barbosa,Porto Alegre,RS
288,Pedro Carvalho,Fortaleza,CE
289,Beatriz Souza,Goiânia,Go
290,Camila Alves,Rio de Janeiro,RJ
291,Carlos Rocha,Curitiba,PR
292,Maria Carvalho,São Paulo,SP
293,Ana Alves,Fortaleza,CE
294,Mariana Costa,Curitiba,Pr
295,Amanda Alves,Recife,PE
296,Rafael Mendes,Recife,PE
297,,Recife,PE
298,Mariana Santos,Recife,PE
299,Camila Martins,Porto Alegre,RS
300,Gabriel Barbosa,Rio de Janeiro,RJ
301,Thiago Ribeiro,,rs
302,Gabriel Mendes,São Paulo,SP
303,Maria Barbosa,Porto Alegre,RS
304,Juliana Alves,Belo Horizonte,MG
305,Ana Oliveira,São Paulo,SP
306,Thiago Ferreira,Curitiba,
307,Patricia Costa,Belo Horizonte,MG
308,Juliana Mendes,Curitiba,PR
309,Beatriz Ribeiro,Salvador,BA
310,Pedro Lima,Belo Horizonte,MG
311,Gabriel Ferreira,Rio de Janeiro,RJ
312,,Fortaleza,CE
313,Bruno Gomes,Salvador,BA
314,João Carvalho,Goiânia,GO
315, Rafael Ribeiro ,Brasília,DF
316, Maria Ribeiro ,Recife,PE
317,Larissa Lima,Brasília,DF
318,Larissa Martins,Goiânia,GO
319,Patricia Oliveira,Recife,PE
320,Bruno Souza,Salvador,BA
321,Fernanda Ferreira,Rio de Janeiro,RJ
322,Juliana Souza,Brasília,DF
323,Rafael Santos,Belo Horizonte,MG
324,João Souza,Salvador,BA
325,Thiago Pereira,Rio de Janeiro,RJ
326,Thiago Pereira,Belo Horizonte,MG
327,Amanda Silva,Porto Alegre,RS
328,Ana Mendes,Curitiba,PR
329,Ana Silva,Salvador,BA
330,Renato Silva,Curitiba,PR
331,Patricia Oliveira,Rio de Janeiro,RJ
332,Diego Oliveira,Recife,PE
333,Maria Ribeiro,Recife,PE
334, Beatriz Gomes ,Brasília,DF
335,Rafael Santos,Rio de Janeiro,RJ
336,Ana Mendes,Goiânia,GO
337,Renato Gomes,Goiânia,GO
338,Amanda Martins,Rio de Janeiro,RJ
339,Larissa Pereira,Brasília,DF
340,Renato Rocha,Brasília,DF
341,Patricia Carvalho,Porto Alegre,RS
342,Beatriz Santos,Rio de Janeiro,RJ
343,Carlos Ferreira,Curitiba,PR
344,Larissa Carvalho,Rio de Janeiro,RJ
345,Patricia Souza,Porto Alegre,RS
346,Thiago Pereira,Curitiba,PR
347,Carlos Ferreira,Fortaleza,CE
348,Thiago Alves,Brasília,DF
349,Amanda Silva,Goiânia,GO
350,Bruno Silva,Curitiba,PR
351,Renato Ferreira,São Paulo,SP
352,Gabriel Santos,Curitiba,PR
353,Pedro Pereira,Brasília,DF
354,Juliana Ribeiro,Salvador,BA
355,Pedro Souza,Curitiba,PR
356,Pedro Mendes,Recife,PE
357,Rafael Martins,Porto Alegre,RS
358,Juliana Martins,Rio de Janeiro,RJ
359,Beatriz Ribeiro,São Paulo,SP
360,Maria Silva,Belo Horizonte,MG
361,Ana Mendes,Porto Alegre,RS
362,,Brasília,DF
363,Fernanda Ferreira,Rio de Janeiro,RJ
364,Patricia Silva,Recife,PE
365,Thiago Martins,Goiânia,GO
366,Camila Oliveira,,df
367,Amanda Rocha,Salvador,
368,Fernanda Martins,Goiânia,GO
369, Camila Carvalho ,Belo Horizonte,MG
370,Diego Oliveira,Fortaleza,CE
371,Juliana Ferreira,Curitiba,PR
372,Lucas Costa,Goiânia,GO
373,Pedro Costa,Recife,PE
374,Thiago Rocha,Goiânia,GO
375,Renato Carvalho,Curitiba,PR
376,Camila Mendes,Goiânia,Go
377,Camila Rocha,Recife,pe
378,Camila Santos,Rio de Janeiro,RJ
379,Rafael Souza,Recife,PE
380,Lucas Carvalho,Goiânia,GO
381,Maria Rocha,Rio de Janeiro,RJ
382,Pedro Costa,São Paulo,SP
383,Rafael Costa,Salvador,BA
384,Patricia Carvalho,Goiânia,Go
385,Renato Santos,Salvador,
386,Camila Mendes,Goiânia,GO
387,Thiago Lima,Salvador,BA
388,Gabriel Lima,Goiânia,GO
389,Larissa Gomes,Salvador,BA
390,Diego Santos,Brasília,DF
391,,Porto Alegre,RS
392,Beatriz Pereira,Belo Horizonte,MG
393,Camila Oliveira,Fortaleza,CE
394,Diego Souza,Salvador,BA
395,Amanda Gomes,Curitiba,PR
396,Amanda Costa,Recife,pe
397,Fernanda Rocha,Goiânia,GO
398,Rafael Alves,Fortaleza,CE
399,Beatriz Pereira,Salvador,BA
400,Rafael Rocha,Porto Alegre,RS
401,Patricia Costa,Belo Horizonte,MG
402,Bruno Souza,Recife,PE
403,Carlos Oliveira,Porto Alegre,
404,Rafael Lima,Brasília,
405,Rafael Ferreira,São Paulo,SP
406,Juliana Alves,Brasília,DF
407,João Carvalho,Rio de Janeiro,RJ
408,Ana Lima,São Paulo,SP
409,Ana Barbosa,Recife,PE
410,João Mendes,Belo Horizonte,MG
411,Amanda Martins,Rio de Janeiro,RJ
412,Carlos Souza,Belo Horizonte,MG
413,Rafael Santos,Rio de Janeiro,RJ
414,Larissa Silva,Fortaleza,CE
415,Camila Martins,São Paulo,SP
416,Patricia Costa,Rio de Janeiro,RJ
417,Diego Silva,Brasília,DF
418, Gabriel Ferreira ,Porto Alegre,RS
419,Pedro Ferreira,Belo Horizonte,MG
420,Thiago Carvalho,Curitiba,pr
421,Mariana Rocha,Recife,PE
422,Pedro Rocha,São Paulo,SP
423, Lucas Souza ,Salvador,BA
424,Larissa Barbosa,Porto Alegre,rs
425,Camila Ferreira,São Paulo,SP
426,Carlos Ferreira,Brasília,DF
427,Gabriel Carvalho,Curitiba,PR
428,Diego Mendes,Rio de Janeiro,RJ
429, Amanda Costa ,Fortaleza,CE
430,Renato Ribeiro,Porto Alegre,RS
431,Mariana Rocha,Salvador,BA
432,Juliana Martins,Porto Alegre,RS
433,Maria Santos,Brasília,DF
434,Mariana Silva,Curitiba,PR
435,Rafael Souza,Curitiba,Pr
436,Juliana Ferreira,Brasília,DF
437, Ana Rocha ,Salvador,BA
438,Thiago Lima,Fortaleza,CE
439,Bruno Alves,,rj
440,Diego Gomes,Fortaleza,CE
441,Rafael Pereira,Goiânia,GO
442,Beatriz Pereira,Rio de Janeiro,RJ
443, Mariana Rocha ,Rio de Janeiro,RJ
444,Renato Ferreira,Rio de Janeiro,RJ
445,Camila Costa,Curitiba,PR
446,Carlos Pereira,Curitiba,PR
447,Juliana Ferreira,Recife,PE
448,Amanda Santos,Rio de Janeiro,RJ
449,Beatriz Martins,Brasília,DF
450, Renato Santos ,Recife,PE
451,Ana Costa,Curitiba,PR
452,Maria Oliveira,Fortaleza,CE
453,Renato Alves,Salvador,BA
454,Camila Santos,Porto Alegre,RS
455,Bruno Lima,Porto Alegre,RS
456,Mariana Lima,Curitiba,PR
457,Amanda Carvalho,Goiânia,go
458,Pedro Souza,Goiânia,GO
459,Thiago Martins,Goiânia,GO
460,Larissa Ribeiro,Porto Alegre,RS
461,Gabriel Ribeiro,Recife,Pe
462, Rafael Martins ,Recife,PE
463,Ana Carvalho,Salvador,BA
464,Gabriel Lima,Salvador,BA
465,Fernanda Rocha,Rio de Janeiro,RJ
466,Carlos Souza,Porto Alegre,RS
467,Patricia Alves,Curitiba,PR
468,Renato Pereira,Curitiba,PR
469,Beatriz Ribeiro,,pe
470,Diego Rocha,Belo Horizonte,MG
471,Maria Ribeiro,Recife,PE
472,Beatriz Ribeiro,,ce
473,Ana Mendes,Salvador,BA
474,Gabriel Souza,Goiânia,GO
475,Camila Santos,Brasília,DF
476,Bruno Oliveira,Curitiba,PR
477,Renato Ferreira,Curitiba,PR
478,Diego Souza,São Paulo,sp
479,Beatriz Rocha,Curitiba,PR
480,Renato Carvalho,Curitiba,PR
481,Camila Carvalho,Fortaleza,CE
482,Thiago Ribeiro,Recife,PE
483,Carlos Martins,Goiânia,GO
484,João Barbosa,Porto Alegre,RS
485,Thiago Alves,São Paulo,SP
486,Amanda Gomes,Curitiba,PR
487,Thiago Oliveira,,mg
488,Ana Martins,Belo Horizonte,MG
489,Beatriz Souza,Curitiba,PR
490,Beatriz Gomes,Salvador,BA
491,Larissa Carvalho,Fortaleza,CE
492,Bruno Barbosa,Belo Horizonte,MG
493,Camila Alves,Porto Alegre,RS
494,Beatriz Carvalho,Recife,PE
495,Bruno Ribeiro,Rio de Janeiro,RJ
496,Gabriel Ferreira,Curitiba,PR
497,Pedro Ferreira,Recife,PE
498,Lucas Pereira,Fortaleza,CE
499,Bruno Lima,Rio de Janeiro,RJ
500,Fernanda Souza,Fortaleza,CE
501,Carlos Martins,Salvador,BA
502,Ana Silva,Fortaleza,CE
503,Beatriz Barbosa,Belo Horizonte,MG
504,Camila Souza,Rio de Janeiro,RJ
505,Maria Costa,Brasília,DF
506,Maria Gomes,Recife,PE
507,Camila Souza,São Paulo,SP
508,Renato Ribeiro,Recife,PE
509,Beatriz Lima,Fortaleza,CE
510,Carlos Carvalho,Curitiba,PR
511,Mariana Silva,Salvador,BA
512,Lucas Costa,Goiânia,GO
513,Patricia Carvalho,Rio de Janeiro,RJ
514,Ana Barbosa,Salvador,BA
515,,Brasília,DF
516,Renato Ribeiro,Goiânia,GO
517,,Salvador,BA
518, Carlos Rocha ,Porto Alegre,RS
519,Camila Oliveira,Porto Alegre,RS
520,Ana Barbosa,Curitiba,PR
521,Juliana Martins,Fortaleza,CE
522,Lucas Alves,Goiânia,GO
523,Rafael Ferreira,Rio de Janeiro,RJ
524,Larissa Pereira,Goiânia,GO
525,Diego Rocha,Rio de Janeiro,RJ
526,Beatriz Santos,Fortaleza,CE
527, Ana Martins ,Recife,PE
528,Camila Silva,Brasília,DF
529,,Belo Horizonte,MG
530, Juliana Santos ,Fortaleza,CE
531,Pedro Barbosa,São Paulo,SP
532,Ana Martins,Salvador,BA
533,Gabriel Gomes,Rio de Janeiro,RJ
534,Larissa Lima,Salvador,BA
535,Gabriel Lima,Belo Horizonte,MG
536,Camila Rocha,Fortaleza,CE
537,Fernanda Alves,Recife,PE
538,Carlos Souza,Brasília,DF
539,João Alves,Belo Horizonte,Mg
540,Rafael Souza,Belo Horizonte,MG
541,Fernanda Pereira,São Paulo,SP
542,Fernanda Carvalho,Goiânia,GO
543,Renato Alves,Porto Alegre,RS
544,Diego Alves,Brasília,DF
545, Thiago Costa ,Brasília,DF
546, Juliana Gomes ,Fortaleza,CE
547,Ana Ribeiro,Brasília,DF
548,Fernanda Alves,Porto Alegre,RS
549,Rafael Souza,Fortaleza,CE
550,Diego Lima,Brasília,DF
551,Pedro Rocha,Salvador,
552,Lucas Souza,Porto Alegre,RS
553,Maria Santos,Belo Horizonte,MG
554,Larissa Pereira,Recife,PE
555,Camila Silva,Belo Horizonte,MG
556,Carlos Barbosa,Belo Horizonte,MG
557,Gabriel Alves,Fortaleza,CE
558,Rafael Ferreira,Porto Alegre,RS
559,Beatriz Rocha,Rio de Janeiro,RJ
560,Renato Pereira,Salvador,BA
561, Fernanda Lima ,São Paulo,SP
562,Thiago Martins,Porto Alegre,RS
563,Gabriel Alves,Recife,PE
564,Renato Mendes,Recife,PE
565,Beatriz Rocha,Curitiba,PR
566,Ana Barbosa,Curitiba,PR
567,Maria Souza,Rio de Janeiro,RJ
568,João Martins,Curitiba,PR
569,Ana Silva,Belo Horizonte,MG
570,Amanda Barbosa,,pe
571,Patricia Silva,São Paulo,SP
572,Camila Silva,Fortaleza,CE
573,Mariana Oliveira,Rio de Janeiro,RJ
574,Amanda Mendes,Salvador,BA
575,Juliana Gomes,Recife,PE
576,Fernanda Ribeiro,Rio de Janeiro,RJ
577,Maria Santos,Brasília,DF
578,Maria Silva,Curitiba,
579,Renato Oliveira,Fortaleza,CE
580,Thiago Barbosa,Porto Alegre,rs
581, Bruno Souza ,Curitiba,PR
582,Lucas Lima,Brasília,DF
583,Thiago Alves,Goiânia,GO
584,Larissa Carvalho,Brasília,DF
585,Pedro Ferreira,São Paulo,
586,Pedro Carvalho,Goiânia,GO
587,Gabriel Carvalho,São Paulo,SP
588,Rafael Barbosa,Belo Horizonte,MG
589,Patricia Costa,Goiânia,GO
590,Amanda Ribeiro,Belo Horizonte,MG
591,Ana Gomes,Curitiba,PR
592,Carlos Santos,São Paulo,SP
593,Bruno Oliveira,Curitiba,
594,Larissa Martins,,rj
595,Pedro Carvalho,,df
596,Pedro Alves,Goiânia,GO
597,Mariana Lima,Porto Alegre,RS
598,Pedro Costa,Brasília,DF
599,Pedro Ferreira,Porto Alegre,RS
600,Beatriz Pereira,Recife,PE
601,Gabriel Carvalho,Goiânia,GO
602,Rafael Carvalho,Brasília,DF
603,Amanda Lima,Porto Alegre,RS
604,Lucas Barbosa,Salvador,BA
605,Renato Ribeiro,Recife,PE
606,Renato Gomes,Porto Alegre,RS
607,Carlos Pereira,Goiânia,GO
608,Larissa Silva,Recife,PE
609,Camila Santos,Brasília,DF
610,Camila Alves,Porto Alegre,RS
611,Gabriel Santos,Recife,PE
612,Gabriel Martins,Fortaleza,ce
613,Larissa Santos,Rio de Janeiro,RJ
614,Juliana Costa,Goiânia,go
615,Gabriel Carvalho,Brasília,DF
616,Fernanda Alves,Recife,PE
617,Thiago Lima,Salvador,BA
618,Camila Martins,Rio de Janeiro,RJ
619,Ana Ferreira,Porto Alegre,RS
620,Diego Barbosa,Salvador,BA
621,Rafael Carvalho,Rio de Janeiro,RJ
622,Carlos Silva,Salvador,BA
623,Mariana Alves,Fortaleza,CE
624,Larissa Martins,Recife,PE
625,Mariana Costa,Brasília,DF
626,Lucas Rocha,Goiânia,GO
627,,Belo Horizonte,MG
628,Pedro Oliveira,Fortaleza,CE
629,Rafael Oliveira,Porto Alegre,RS
630,Renato Gomes,Goiânia,GO
631,Juliana Rocha,Goiânia,GO
632,Camila Santos,Curitiba,PR
633,Carlos Costa,Salvador,BA
634,Patricia Lima,Goiânia,GO
635,Larissa Costa,Fortaleza,CE
636,Mariana Carvalho,Recife,PE
637,João Barbosa,Curitiba,PR
638,Larissa Barbosa,Brasília,DF
639,Rafael Barbosa,Curitiba,
640, Fernanda Ribeiro ,São Paulo,SP
641,Mariana Rocha,Goiânia,GO
642,Larissa Oliveira,Goiânia,GO
643,Juliana Souza,Recife,PE
644,Carlos Alves,Porto Alegre,RS
645, Bruno Ferreira ,Rio de Janeiro,RJ
646,Fernanda Pereira,Goiânia,GO
647,Amanda Martins,Curitiba,PR
648,Lucas Souza,Goiânia,GO
649,Larissa Costa,Salvador,BA
650,Thiago Mendes,Fortaleza,CE
651,Carlos Lima,Brasília,DF
652,Ana Lima,Belo Horizonte,MG
653,Fernanda Gomes,Recife,PE
654,Patricia Gomes,Recife,Pe
655,Pedro Gomes,Fortaleza,CE
656,Juliana Rocha,Recife,PE
657,,Rio de Janeiro,RJ
658,Juliana Santos,Fortaleza,CE
659,Lucas Barbosa,Porto Alegre,RS
660,Larissa Lima,Goiânia,GO
661,Maria Souza,Rio de Janeiro,RJ
662,João Oliveira,Curitiba,PR
663,,Brasília,DF
664,Ana Ribeiro,Curitiba,PR
665,Pedro Ferreira,Porto Alegre,
666,Mariana Souza,Brasília,DF
667,Fernanda Martins,Rio de Janeiro,RJ
668,,Recife,Pe
669,Diego Rocha,,sp
670,Carlos Martins,Curitiba,PR
671,Pedro Oliveira,Rio de Janeiro,RJ
672,Ana Gomes,Curitiba,PR
673,Pedro Silva,Goiânia,GO
674,Lucas Lima,Brasília,DF
675,Lucas Santos,Rio de Janeiro,RJ
676,Gabriel Ferreira,Brasília,DF
677,Bruno Santos,Belo Horizonte,MG
678,Amanda Ribeiro,São Paulo,SP
679,Camila Pereira,Fortaleza,CE
680,Gabriel Ribeiro,São Paulo,SP
681,Fernanda Barbosa,Brasília,DF
682,Amanda Santos,Fortaleza,CE
683,,Salvador,BA
684,Thiago Martins,Salvador,BA
685,Beatriz Santos,São Paulo,SP
686,,Belo Horizonte,mg
687, Gabriel Ribeiro ,Fortaleza,CE
688,Gabriel Santos,Fortaleza,CE
689,Pedro Ribeiro,Rio de Janeiro,RJ
690,Ana Carvalho,Brasília,DF
691,Pedro Ribeiro,Brasília,DF
692,Maria Alves,Rio de Janeiro,RJ
693,Amanda Souza,Porto Alegre,RS
694,Mariana Oliveira,São Paulo,SP
695,Mariana Barbosa,Salvador,BA
696,Bruno Costa,Salvador,BA
697,Bruno Oliveira,São Paulo,SP
698,Diego Santos,Porto Alegre,RS
699,Pedro Barbosa,Recife,PE
700, Thiago Costa ,Salvador,BA
701,Thiago Oliveira,Belo Horizonte,MG
702,,São Paulo,SP
703,Gabriel Lima,Curitiba,PR
704,Larissa Martins,Belo Horizonte,MG
705,Renato Mendes,Rio de Janeiro,RJ
706,Maria Costa,Belo Horizonte,MG
707,Gabriel Santos,Recife,PE
708,Camila Carvalho,Rio de Janeiro,RJ
709,,Belo Horizonte,MG
710,Amanda Alves,Recife,PE
711,Lucas Alves,,pr
712,Fernanda Ferreira,São Paulo,SP
713,,Brasília,DF
714,Carlos Pereira,Fortaleza,CE
715,Maria Lima,Porto Alegre,
716,Diego Martins,Salvador,BA
717,Thiago Oliveira,Fortaleza,CE
718,Pedro Souza,Brasília,DF
719,Camila Mendes,Salvador,BA
720,Renato Carvalho,Recife,PE
721, Lucas Lima ,Goiânia,GO
722,Rafael Rocha,Salvador,BA
723,Lucas Rocha,Porto Alegre,RS
724,Pedro Costa,Porto Alegre,RS
725,Maria Pereira,Salvador,BA
726,Juliana Gomes,Fortaleza,ce
727,Mariana Silva,Brasília,DF
728,Larissa Alves,Rio de Janeiro,RJ
729,Ana Oliveira,São Paulo,Sp
730,Fernanda Lima,Belo Horizonte,MG
731,Pedro Mendes,,rj
732, Rafael Lima ,Rio de Janeiro,RJ
733,Renato Oliveira,São Paulo,SP
734, Thiago Martins ,Brasília,DF
735,Patricia Costa,Salvador,BA
736,Bruno Rocha,Curitiba,pr
737,Fernanda Ribeiro,Recife,PE
738,Maria Santos,Porto Alegre,RS
739,Diego Alves,Fortaleza,CE
740,Juliana Barbosa,Fortaleza,CE
741,Thiago Carvalho,Brasília,DF
742,,Goiânia,GO
743,Bruno Souza,Recife,PE
744,Fernanda Costa,Rio de Janeiro,RJ
745,Larissa Souza,Belo Horizonte,MG
746,Gabriel Ferreira,Curitiba,PR
747,Juliana Silva,Salvador,BA
748,Thiago Pereira,Recife,PE
749,Maria Santos,São Paulo,SP
750,Diego Barbosa,São Paulo,SP
751,Ana Carvalho,Curitiba,PR
752,Renato Souza,São Paulo,SP
753,Ana Oliveira,Fortaleza,CE
754,Juliana Gomes,Goiânia,GO
755,Ana Costa,Brasília,DF
756,Renato Costa,Fortaleza,CE
757,Juliana Alves,Goiânia,GO
758,Camila Lima,Curitiba,PR
759,Thiago Gomes,Goiânia,go
760,Amanda Alves,Goiânia,GO
761,Renato Santos,Belo Horizonte,MG
762,Pedro Carvalho,,pe
763,Pedro Ferreira,Porto Alegre,RS
764,Maria Gomes,Recife,PE
765,Patricia Barbosa,Brasília,DF
766,Beatriz Alves,Curitiba,PR
767,Maria Ribeiro,São Paulo,SP
768,Pedro Carvalho,Curitiba,PR
769,Pedro Santos,Salvador,BA
770,Beatriz Silva,Brasília,DF
771,Patricia Costa,São Paulo,SP
772,Lucas Martins,Fortaleza,CE
773,Bruno Ribeiro,Porto Alegre,RS
774, Thiago Barbosa ,Curitiba,Pr
775,,Rio de Janeiro,RJ
776,Amanda Barbosa,Belo Horizonte,
777,Camila Santos,Recife,PE
778,Gabriel Barbosa,Recife,PE
779,Larissa Gomes,Curitiba,PR
780,Mariana Rocha,São Paulo,SP
781,Fernanda Mendes,Goiânia,Go
782,Carlos Santos,Salvador,BA
783,Thiago Alves,Fortaleza,Ce
784,Diego Martins,Fortaleza,CE
785,Thiago Alves,Recife,PE
786,Maria Lima,Rio de Janeiro,RJ
787,Mariana Pereira,Belo Horizonte,MG
788,Patricia Pereira,Curitiba,PR
789,Pedro Santos,Brasília,DF
790,Bruno Rocha,São Paulo,SP
791,Diego Martins,Rio de Janeiro,RJ
792,Thiago Oliveira,Rio de Janeiro,RJ
793,Camila Ferreira,Brasília,DF
794,Thiago Barbosa,São Paulo,SP
795,Amanda Gomes,São Paulo,SP
796,Fernanda Souza,Recife,PE
797,João Carvalho,Porto Alegre,RS
798,Carlos Alves,Curitiba,PR
799,Renato Mendes,Brasília,DF
800,Rafael Pereira,Brasília,DF
801,Juliana Souza,Fortaleza,CE
802, Diego Gomes ,Curitiba,PR
803,Thiago Silva,Curitiba,PR
804,Maria Alves,São Paulo,SP
805,Lucas Mendes,Salvador,BA
806,Carlos Silva,Belo Horizonte,MG
807,Mariana Barbosa,Goiânia,GO
808,Bruno Santos,,rs
809, Thiago Pereira ,Belo Horizonte,MG
810,Bruno Martins,,ce
811,João Barbosa,Curitiba,PR
812,João Alves,Porto Alegre,RS
813,Bruno Martins,Brasília,DF
814,Lucas Rocha,Porto Alegre,RS
815,Gabriel Oliveira,São Paulo,SP
816,Juliana Ribeiro,Porto Alegre,RS
817,Renato Mendes,Salvador,BA
818,Camila Pereira,Curitiba,PR
819,Maria Gomes,Salvador,BA
820,Beatriz Ribeiro,Porto Alegre,RS
821,Maria Pereira,Salvador,BA
822,Larissa Barbosa,Salvador,BA
823,Larissa Costa,Porto Alegre,
824,Bruno Costa,Salvador,BA
825,Fernanda Ribeiro,Brasília,DF
826,Bruno Ribeiro,Recife,PE
827,Thiago Santos,Recife,PE
828,Gabriel Ribeiro,Brasília,Df
829,Ana Pereira,Salvador,BA
830,Rafael Lima,Salvador,BA
831,Pedro Barbosa,Salvador,BA
832,Maria Silva,Recife,PE
833,Mariana Costa,Recife,PE
834,Ana Martins,Brasília,DF
835,Gabriel Silva,São Paulo,SP
836,João Carvalho,Fortaleza,CE
837,Fernanda Alves,Salvador,BA
838,Diego Ribeiro,Curitiba,Pr
839, Camila Rocha ,Fortaleza,CE
840,Ana Carvalho,Recife,PE
841,Gabriel Silva,Belo Horizonte,MG
842,Lucas Silva,Goiânia,GO
843,Maria Gomes,Porto Alegre,RS
844,Amanda Souza,Rio de Janeiro,RJ
845,,Rio de Janeiro,RJ
846,Larissa Mendes,Recife,PE
847,João Ribeiro,Brasília,DF
848,Bruno Lima,Brasília,DF
849,Amanda Oliveira,Porto Alegre,RS
850,Lucas Pereira,Porto Alegre,RS
851,Juliana Martins,Porto Alegre,RS
852,Lucas Barbosa,Salvador,BA
853,,Rio de Janeiro,RJ
854,Beatriz Lima,Rio de Janeiro,RJ
855, Carlos Mendes ,Belo Horizonte,MG
856,Bruno Rocha,São Paulo,
857,Maria Ribeiro,Salvador,BA
858,Carlos Oliveira,,sp
859,Mariana Carvalho,Salvador,BA
860,Bruno Santos,Salvador,BA
861,Gabriel Gomes,Recife,PE
862,Beatriz Martins,Curitiba,PR
863,Maria Costa,Rio de Janeiro,RJ
864,Thiago Rocha,Curitiba,PR
865,Amanda Silva,Curitiba,PR
866,Patricia Rocha,São Paulo,Sp
867,João Alves,Salvador,BA
868,Amanda Oliveira,Brasília,DF
869,Juliana Gomes,Curitiba,PR
870,Amanda Souza,São Paulo,SP
871,Beatriz Barbosa,Curitiba,Pr
872,Fernanda Carvalho,Porto Alegre,Rs
873,Gabriel Gomes,Belo Horizonte,Mg
874,Thiago Rocha,Rio de Janeiro,RJ
875,Carlos Barbosa,São Paulo,SP
876,Larissa Silva,Rio de Janeiro,RJ
877,Camila Pereira,Recife,PE
878,Maria Alves,Recife,PE
879,Amanda Barbosa,Salvador,BA
880,Fernanda Silva,Salvador,BA
881,Camila Ferreira,Rio de Janeiro,rj
882,Ana Martins,Rio de Janeiro,RJ
883,Carlos Gomes,Belo Horizonte,MG
884,Renato Oliveira,Brasília,df
885,Thiago Oliveira,Recife,PE
886,Diego Lima,,pe
887,Larissa Martins,Goiânia,GO
888,Mariana Costa,Curitiba,PR
889,Amanda Carvalho,Fortaleza,CE
890,Amanda Alves,Porto Alegre,RS
891,Camila Rocha,Curitiba,PR
892,Diego Ribeiro,Fortaleza,CE
893,Larissa Pereira,Belo Horizonte,MG
894,Juliana Lima,Curitiba,PR
895,Renato Oliveira,Salvador,BA
896,Patricia Ribeiro,Brasília,DF
897,João Gomes,Curitiba,Pr
898, Bruno Costa ,Porto Alegre,RS
899,Maria Ribeiro,Belo Horizonte,MG
900, Rafael Oliveira ,Goiânia,GO
901,Fernanda Gomes,Belo Horizonte,MG
902,Camila Souza,Brasília,DF
903,Renato Souza,São Paulo,SP
904,Rafael Alves,Salvador,BA
905,Amanda Pereira,Belo Horizonte,MG
906,Pedro Costa,Curitiba,PR
907,Maria Martins,Porto Alegre,RS
908,Thiago Mendes,São Paulo,SP
909,Ana Souza,Curitiba,PR
910,Amanda Ribeiro,Recife,PE
911,Pedro Carvalho,Fortaleza,CE
912,Pedro Costa,Brasília,DF
913,Juliana Alves,Belo Horizonte,MG
914,Camila Pereira,Goiânia,GO
915,João Oliveira,Salvador,BA
916,Amanda Alves,São Paulo,SP
917,Carlos Gomes,Porto Alegre,RS
918,Diego Ferreira,Fortaleza,CE
919,Maria Ribeiro,Belo Horizonte,MG
920,Carlos Costa,Fortaleza,CE
921,Lucas Pereira,Brasília,DF
922,Patricia Santos,,pr
923,Maria Santos,Rio de Janeiro,Rj
924,Larissa Santos,Goiânia,GO
925,Patricia Gomes,Recife,PE
926,João Gomes,Rio de Janeiro,RJ
927,Amanda Santos,Goiânia,go
928,Juliana Oliveira,Porto Alegre,RS
929,Pedro Ribeiro,Recife,PE
930,João Barbosa,Curitiba,PR
931,Gabriel Ribeiro,Curitiba,PR
932,Juliana Silva,Fortaleza,CE
933,Maria Silva,Goiânia,GO
934,Pedro Ribeiro,Belo Horizonte,MG
935,Juliana Pereira,Brasília,DF
936,Ana Costa,Curitiba,PR
937,Lucas Oliveira,Curitiba,PR
938,Maria Rocha,Fortaleza,Ce
939,Bruno Oliveira,Belo Horizonte,MG
940,Renato Ferreira,Curitiba,PR
941,Camila Santos,Belo Horizonte,MG
942,Amanda Ribeiro,Goiânia,GO
943,Renato Martins,,pr
944,Fernanda Martins,Porto Alegre,RS
945,Renato Barbosa,Recife,PE
946,Beatriz Oliveira,Curitiba,PR
947,Bruno Lima,Fortaleza,CE
948,Pedro Santos,São Paulo,SP
949,Thiago Gomes,Goiânia,GO
950, Bruno Barbosa ,Curitiba,PR
951,Thiago Ribeiro,Curitiba,PR
952,Gabriel Ferreira,,ce
953,Amanda Costa,Fortaleza,CE
954,Thiago Lima,Recife,PE
955, Beatriz Alves ,Rio de Janeiro,RJ
956,Lucas Ferreira,Brasília,DF
957,Maria Souza,Salvador,BA
958,Bruno Mendes,Goiânia,GO
959,Gabriel Ferreira,Goiânia,GO
960,Diego Mendes,Brasília,DF
961,Gabriel Ferreira,Salvador,BA
962,Amanda Silva,Fortaleza,CE
963,Fernanda Santos,Fortaleza,CE
964,Mariana Costa,Salvador,BA
965,Fernanda Martins,Salvador,BA
966,Beatriz Barbosa,Belo Horizonte,MG
967,Patricia Silva,Belo Horizonte,mg
968,Mariana Lima,Fortaleza,ce
969,Maria Costa,Porto Alegre,RS
970,Gabriel Silva,Porto Alegre,RS
971,Amanda Barbosa,Recife,PE
972,Amanda Lima,Goiânia,GO
973,Diego Mendes,Curitiba,PR
974,Rafael Santos,Belo Horizonte,MG
975,João Pereira,Fortaleza,CE
976,Patricia Lima,Goiânia,
977,Amanda Souza,Fortaleza,CE
978,Beatriz Lima,Goiânia,GO
979,,Brasília,DF
980,Maria Martins,Belo Horizonte,MG
981,Gabriel Ferreira,Goiânia,GO
982,Thiago Oliveira,Brasília,DF
983,Fernanda Santos,Porto Alegre,RS
984,Bruno Pereira,São Paulo,SP
985,Thiago Oliveira,,ce
986,Renato Martins,Salvador,BA
987,Thiago Mendes,Porto Alegre,RS
988,Juliana Mendes,Brasília,DF
989,Larissa Barbosa,Curitiba,PR
990,Bruno Ribeiro,Goiânia,GO
991,Ana Oliveira,Belo Horizonte,MG
992,Mariana Oliveira,Belo Horizonte,MG
993,Larissa Souza,Curitiba,PR
994,Pedro Lima,Recife,PE
995,Pedro Mendes,Belo Horizonte,MG
996,Gabriel Gomes,Goiânia,GO
997,Amanda Souza,Curitiba,PR
998,Lucas Ribeiro,Belo Horizonte,mg
999,Diego Alves,Goiânia,GO
1000, Fernanda Silva ,Curitiba,
1001,Gabriel Ferreira,Brasília,DF
1002,João Santos,Rio de Janeiro,RJ
1003,Larissa Ferreira,Salvador,BA
1004,Amanda Pereira,Recife,PE
1005,Bruno Costa,Brasília,DF
1006,Diego Ribeiro,Salvador,BA
1007,Bruno Mendes,Recife,PE
1008,Fernanda Carvalho,Recife,PE
1009,João Barbosa,Rio de Janeiro,RJ
1010,Fernanda Alves,Salvador,BA
1011,Larissa Silva,Porto Alegre,RS
1012,Renato Santos,Fortaleza,CE
1013,Juliana Pereira,Goiânia,GO
1014,Lucas Barbosa,Belo Horizonte,MG
1015,Bruno Pereira,Belo Horizonte,MG
1016,Amanda Ferreira,Curitiba,PR
1017,Pedro Barbosa,,go
1018,Maria Barbosa,Salvador,BA
1019,Thiago Mendes,Recife,PE
1020,Diego Mendes,Brasília,DF
1021,Maria Martins,Recife,PE
1022, Juliana Gomes ,Curitiba,PR
1023,Diego Rocha,Salvador,BA
1024,,Belo Horizonte,MG
1025,Juliana Mendes,Curitiba,PR
1026,Beatriz Carvalho,Salvador,BA
1027,Patricia Ferreira,Salvador,BA
1028,Mariana Lima,Goiânia,GO
1029,Bruno Alves,Fortaleza,CE
1030,Ana Lima,Recife,PE
1031,Beatriz Lima,Fortaleza,CE
1032,Beatriz Ribeiro,Porto Alegre,RS
1033,Gabriel Oliveira,Curitiba,Pr
1034,Beatriz Oliveira,Recife,PE
1035,Juliana Mendes,,ba
1036,Amanda Pereira,Goiânia,GO
1037,Mariana Ribeiro,Salvador,BA
1038,Rafael Santos,Brasília,DF
1039,Ana Costa,Salvador,BA
1040,Gabriel Santos,Rio de Janeiro,RJ
1041,Renato Ribeiro,Porto Alegre,RS
1042,Rafael Ferreira,Goiânia,GO
1043,Mariana Costa,São Paulo,SP
1044,Bruno Santos,Belo Horizonte,MG
1045,Pedro Barbosa,Fortaleza,Ce
1046,Diego Santos,Rio de Janeiro,RJ
1047,Gabriel Ribeiro,Belo Horizonte,MG
1048,Ana Lima,Fortaleza,CE
1049,,Salvador,BA
1050,Beatriz Rocha,Fortaleza,CE
1051,Ana Costa,Goiânia,GO
1052,Thiago Martins,Fortaleza,CE
1053,Juliana Barbosa,Fortaleza,CE
1054,Camila Ferreira,Brasília,DF
1055,João Lima,Salvador,BA
1056,Beatriz Barbosa,,rs
1057,Camila Alves,São Paulo,SP
1058,Larissa Martins,Brasília,DF
1059,Gabriel Gomes,Belo Horizonte,MG
1060,Fernanda Mendes,Porto Alegre,RS
1061,Bruno Martins,Belo Horizonte,MG
1062,Camila Oliveira,Recife,PE
1063,Amanda Barbosa,Belo Horizonte,MG
1064,Larissa Silva,Curitiba,PR
1065,Ana Rocha,São Paulo,SP
1066,Beatriz Pereira,Salvador,BA
1067,Beatriz Ferreira,Recife,PE
1068, Pedro Lima ,São Paulo,SP
1069,Larissa Barbosa,Curitiba,PR
1070,Gabriel Silva,Rio de Janeiro,RJ
1071,Gabriel Rocha,Belo Horizonte,MG
1072, Rafael Oliveira ,Fortaleza,CE
1073,Gabriel Ribeiro,Salvador,BA
1074,Larissa Oliveira,Porto Alegre,RS
1075,Juliana Souza,Belo Horizonte,MG
1076,Patricia Carvalho,São Paulo,SP
1077,Carlos Gomes,,mg
1078, Beatriz Lima ,Salvador,BA
1079,Beatriz Santos,Goiânia,GO
1080,Maria Souza,Salvador,BA
1081,Carlos Lima,Recife,PE
1082,Juliana Rocha,,mg
1083,Ana Mendes,São Paulo,SP
1084,Camila Barbosa,Belo Horizonte,MG
1085,Renato Rocha,Porto Alegre,RS
1086,Larissa Costa,Rio de Janeiro,RJ
1087,Bruno Ferreira,,pe
1088,Gabriel Costa,São Paulo,SP
1089,Amanda Alves,Salvador,BA
1090,Larissa Gomes,Belo Horizonte,MG
1091,Larissa Lima,Goiânia,GO
1092,Renato Oliveira,Rio de Janeiro,RJ
1093, Ana Costa ,São Paulo,SP
1094,Carlos Souza,Goiânia,GO
1095,Beatriz Mendes,São Paulo,SP
1096,Pedro Silva,Belo Horizonte,MG
1097,Pedro Rocha,São Paulo,SP
1098,Patricia Ferreira,São Paulo,SP
1099,Maria Santos,Porto Alegre,Rs
1100,Diego Oliveira,Rio de Janeiro,RJ
1101,Lucas Pereira,Fortaleza,CE
1102,Mariana Martins,Rio de Janeiro,RJ
1103,Rafael Martins,Rio de Janeiro,RJ
1104,Gabriel Carvalho,Curitiba,PR
1105,Juliana Carvalho,Fortaleza,CE
1106,Juliana Martins,Brasília,DF
1107,Fernanda Pereira,Brasília,DF
1108,Bruno Ferreira,Recife,PE
1109,Maria Ribeiro,,go
1110,Camila Silva,Porto Alegre,RS
1111,Renato Silva,Porto Alegre,RS
1112,Thiago Lima,Rio de Janeiro,rj
1113,Ana Mendes,Salvador,BA
1114,Bruno Ribeiro,Rio de Janeiro,RJ
1115,Lucas Santos,Salvador,BA
1116,Thiago Oliveira,Goiânia,GO
1117, Thiago Gomes ,Rio de Janeiro,RJ
1118,Renato Ferreira,Brasília,DF
1119,Fernanda Silva,Brasília,Df
1120,Renato Lima,Salvador,BA
1121,Maria Gomes,Recife,PE
1122,Pedro Alves,Brasília,DF
1123,Ana Carvalho,Rio de Janeiro,RJ
1124,Larissa Gomes,Porto Alegre,
1125,Ana Lima,Recife,PE
1126,Thiago Pereira,Fortaleza,CE
1127,Fernanda Alves,Rio de Janeiro,RJ
1128,Thiago Santos,Rio de Janeiro,RJ
1129,Juliana Pereira,Salvador,BA
1130,Camila Costa,Salvador,BA
1131,Rafael Lima,Recife,pe
1132,Lucas Ferreira,Curitiba,PR
1133,Carlos Souza,Belo Horizonte,MG
1134,Camila Silva,Salvador,BA
1135,Rafael Barbosa,São Paulo,SP
1136,Lucas Pereira,Fortaleza,CE
1137,Beatriz Lima,São Paulo,SP
1138,Diego Souza,Porto Alegre,RS
1139,Amanda Mendes,São Paulo,SP
1140,Pedro Gomes,Porto Alegre,RS
1141,Juliana Oliveira,São Paulo,SP
1142,Gabriel Alves,Brasília,DF
1143,Renato Barbosa,Goiânia,GO
1144,Diego Rocha,Fortaleza,CE
1145,,Belo Horizonte,MG
1146,Beatriz Gomes,,pr
1147,Juliana Ribeiro,Belo Horizonte,MG
1148,Bruno Souza,Porto Alegre,RS
1149,João Mendes,Belo Horizonte,MG
1150,Ana Santos,Brasília,DF
1151,Fernanda Martins,Belo Horizonte,MG
1152,Camila Carvalho,Recife,PE
1153,Ana Pereira,Curitiba,PR
1154,Diego Lima,Brasília,DF
1155,Ana Costa,Salvador,Ba
1156,Carlos Costa,Salvador,BA
1157,João Carvalho,Brasília,DF
1158,Bruno Lima,Belo Horizonte,MG
1159,Amanda Mendes,Goiânia,GO
1160,Fernanda Alves,São Paulo,SP
1161,Beatriz Lima,Fortaleza,CE
1162,Juliana Costa,Brasília,DF
1163,Lucas Alves,São Paulo,SP
1164,Bruno Martins,Belo Horizonte,MG
1165,Lucas Santos,Curitiba,PR
1166,Amanda Barbosa,Salvador,BA
1167,Patricia Gomes,São Paulo,SP
1168,Renato Gomes,Goiânia,GO
1169,Larissa Souza,Fortaleza,CE
1170,Maria Alves,Fortaleza,CE
1171,Maria Gomes,Fortaleza,CE
1172,Lucas Ribeiro,Recife,PE
1173,Camila Rocha,Curitiba,PR
1174,Maria Lima,Recife,PE
1175,Diego Oliveira,Curitiba,PR
1176,Larissa Lima,Brasília,DF
1177,Mariana Rocha,Goiânia,GO
1178,Rafael Santos,Porto Alegre,RS
1179,Mariana Oliveira,Rio de Janeiro,RJ
1180,Juliana Santos,Fortaleza,CE
1181,Diego Costa,Brasília,DF
1182, Mariana Carvalho ,Goiânia,GO
1183,Mariana Lima,Curitiba,PR
1184, Camila Ribeiro ,Recife,PE
1185,Ana Pereira,São Paulo,SP
1186,Rafael Barbosa,Recife,PE
1187,,Recife,PE
1188,Beatriz Rocha,Brasília,DF
1189,João Alves,Fortaleza,CE
1190,Lucas Souza,Curitiba,PR
1191,Maria Lima,São Paulo,SP
1192,Camila Carvalho,Rio de Janeiro,rj
1193,Mariana Costa,Porto Alegre,RS
1194,Amanda Costa,Recife,PE
1195,Maria Santos,Porto Alegre,RS
1196,Pedro Martins,Fortaleza,Ce
1197,Carlos Mendes,Salvador,BA
1198,Lucas Souza,Rio de Janeiro,RJ
1199,Diego Santos,Recife,PE
1200,Camila Martins,Goiânia,GO
1201,Thiago Ferreira,Curitiba,PR
1202,Beatriz Barbosa,Curitiba,PR
1203,Camila Pereira,São Paulo,SP
1204,Carlos Pereira,Goiânia,GO
1205,Renato Ferreira,Fortaleza,CE
1206,Lucas Ribeiro,Porto Alegre,RS
1207,Diego Carvalho,São Paulo,SP
1208,Gabriel Silva,Curitiba,PR
1209,Beatriz Barbosa,São Paulo,SP
1210,Rafael Carvalho,Recife,PE
1211,Maria Ribeiro,Goiânia,GO
1212,Larissa Silva,Belo Horizonte,MG
1213,Juliana Santos,Curitiba,PR
1214, Gabriel Costa ,Goiânia,GO
1215,Carlos Ribeiro,Salvador,BA
1216,Pedro Barbosa,Belo Horizonte,MG
1217,Camila Pereira,Fortaleza,CE
1218,Maria Pereira,Rio de Janeiro,RJ
1219,,Recife,PE
1220,Renato Barbosa,Fortaleza,CE
1221,Carlos Lima,Belo Horizonte,MG
1222,Diego Oliveira,São Paulo,SP
1223, Amanda Santos ,Salvador,BA
1224, Diego Ribeiro ,São Paulo,SP
1225,Lucas Carvalho,Belo Horizonte,MG
1226,Renato Rocha,Rio de Janeiro,RJ
1227,Carlos Silva,Goiânia,GO
1228,Larissa Ferreira,Fortaleza,CE
1229,Camila Alves,Curitiba,Pr
1230,Renato Rocha,São Paulo,SP
1231,Maria Oliveira,Brasília,Df
1232,Mariana Rocha,Goiânia,GO
1233,Lucas Santos,Recife,PE
1234,Rafael Oliveira,Recife,PE
1235,Rafael Barbosa,Belo Horizonte,MG
1236,Amanda Mendes,Salvador,BA
1237,Renato Carvalho,Recife,PE
1238, Carlos Ferreira ,Recife,PE
1239,Juliana Lima,Fortaleza,CE
1240,Carlos Carvalho,Fortaleza,CE
1241,Larissa Rocha,Brasília,DF
1242,Fernanda Costa,Recife,PE
1243,Thiago Martins,Brasília,DF
1244,Fernanda Costa,Rio de Janeiro,RJ
1245,Beatriz Oliveira,Goiânia,GO
1246,Carlos Rocha,Curitiba,PR
1247,Amanda Oliveira,Goiânia,GO
1248,Beatriz Souza,Rio de Janeiro,RJ
1249,Thiago Silva,Curitiba,PR
1250,Camila Gomes,Goiânia,GO
1251,Renato Ribeiro,Goiânia,GO
1252,Patricia Ferreira,Rio de Janeiro,RJ
1253,Diego Gomes,Curitiba,PR
1254, Larissa Souza ,São Paulo,SP
1255,Juliana Oliveira,Porto Alegre,RS
1256,Thiago Gomes,Salvador,BA
1257,Patricia Pereira,Curitiba,PR
1258,Gabriel Ferreira,Brasília,DF
1259,Ana Lima,São Paulo,Sp
1260,,Recife,PE
1261,Ana Santos,Curitiba,PR
1262,Rafael Martins,Goiânia,GO
1263,Larissa Rocha,Brasília,DF
1264,Amanda Silva,Goiânia,GO
1265,Diego Mendes,Brasília,DF
1266,Maria Souza,Goiânia,GO
1267,Thiago Barbosa,Rio de Janeiro,RJ
1268,Bruno Rocha,Fortaleza,Ce
1269,Pedro Alves,Recife,PE
1270,Pedro Ribeiro,Goiânia,Go
1271,João Barbosa,Recife,PE
1272,Renato Martins,Salvador,BA
1273,Camila Costa,São Paulo,SP
1274,Camila Mendes,São Paulo,SP
1275,Thiago Souza,Porto Alegre,RS
1276,Camila Barbosa,Rio de Janeiro,RJ
1277, Bruno Mendes ,Curitiba,PR
1278,Bruno Silva,Rio de Janeiro,RJ
1279,Ana Rocha,Salvador,BA
1280,Fernanda Barbosa,Curitiba,PR
1281,Renato Santos,Curitiba,PR
1282,Beatriz Martins,Brasília,DF
1283,Mariana Pereira,Goiânia,GO
1284,Bruno Oliveira,São Paulo,SP
1285,Camila Barbosa,Fortaleza,CE
1286,Gabriel Barbosa,Porto Alegre,RS
1287,João Ribeiro,Recife,PE
1288,Diego Souza,Rio de Janeiro,RJ
1289,Patricia Mendes,Salvador,BA
1290,Bruno Gomes,Recife,PE
1291,Thiago Pereira,Fortaleza,CE
1292,Mariana Carvalho,,ce
1293,,,rj
1294,Carlos Rocha,Salvador,BA
1295,Lucas Souza,São Paulo,SP
1296, Amanda Pereira ,Goiânia,GO
1297,Carlos Santos,Goiânia,GO
1298,Thiago Costa,Rio de Janeiro,RJ
1299,Rafael Santos,Recife,PE
1300,Patricia Carvalho,Porto Alegre,RS
1301, Maria Gomes ,Brasília,DF
1302, Bruno Costa ,Recife,Pe
1303,Lucas Gomes,Curitiba,PR
1304,Larissa Martins,Belo Horizonte,MG
1305,Rafael Mendes,Rio de Janeiro,rj
1306, Bruno Rocha ,São Paulo,SP
1307,João Souza,Brasília,DF
1308,Gabriel Silva,Fortaleza,CE
1309,Beatriz Martins,Brasília,DF
1310,Pedro Alves,São Paulo,SP
1311,Beatriz Oliveira,Goiânia,GO
1312,Renato Ribeiro,Brasília,Df
1313,Pedro Ferreira,Fortaleza,CE
1314,Rafael Ribeiro,Belo Horizonte,MG
1315, Gabriel Pereira ,Porto Alegre,RS
1316,Juliana Barbosa,Rio de Janeiro,RJ
1317,Lucas Lima,São Paulo,SP
1318,Thiago Alves,Recife,PE
1319,Camila Barbosa,Fortaleza,CE
1320,João Souza,Salvador,Ba
1321,Maria Gomes,Rio de Janeiro,RJ
1322,Diego Rocha,Fortaleza,CE
1323,Pedro Souza,Curitiba,PR
1324,,Goiânia,go
1325,Ana Silva,Curitiba,PR
1326,Carlos Rocha,Goiânia,GO
1327,Carlos Oliveira,Recife,PE
1328,Pedro Pereira,Brasília,DF
1329,Gabriel Carvalho,Rio de Janeiro,RJ
1330,Ana Carvalho,Belo Horizonte,MG
1331,Renato Santos,Rio de Janeiro,RJ
1332,Mariana Ferreira,Fortaleza,CE
1333,Thiago Souza,Curitiba,
1334,Amanda Gomes,,pr
1335,João Silva,Curitiba,PR
1336,Thiago Ribeiro,Brasília,DF
1337,Beatriz Lima,Belo Horizonte,MG
1338,Rafael Martins,Belo Horizonte,MG
1339,Maria Costa,Recife,PE
1340,Camila Ferreira,,df
1341,Carlos Oliveira,Goiânia,GO
1342,Larissa Alves,Recife,PE
1343,Bruno Souza,Belo Horizonte,MG
1344,Beatriz Barbosa,Curitiba,PR
1345,Maria Ferreira,Porto Alegre,RS
1346,Amanda Rocha,São Paulo,SP
1347, Larissa Costa ,Curitiba,PR
1348,Carlos Santos,Belo Horizonte,MG
1349,Renato Martins,Belo Horizonte,MG
1350,Fernanda Oliveira,Salvador,BA
1351,Patricia Pereira,Brasília,DF
1352, Thiago Barbosa ,São Paulo,SP
1353,Amanda Rocha,Curitiba,PR
1354,Lucas Ferreira,Porto Alegre,RS
1355,Thiago Souza,Porto Alegre,RS
1356,Rafael Martins,Curitiba,PR
1357,Camila Costa,Goiânia,GO
1358,Larissa Alves,Rio de Janeiro,RJ
1359,Lucas Barbosa,Recife,PE
1360,Fernanda Alves,Salvador,BA
1361,Thiago Lima,Goiânia,GO
1362,Maria Souza,Recife,PE
1363,Patricia Gomes,Recife,PE
1364,Carlos Rocha,Recife,PE
1365,João Martins,Belo Horizonte,MG
1366,Pedro Silva,Recife,PE
1367,Rafael Silva,Recife,PE
1368,Gabriel Costa,Salvador,BA
1369,João Santos,Brasília,DF
1370,Maria Ribeiro,Brasília,DF
1371,Amanda Pereira,Rio de Janeiro,RJ
1372,Maria Ferreira,São Paulo,SP
1373,Amanda Souza,Salvador,BA
1374,Pedro Pereira,Curitiba,PR
1375,Carlos Barbosa,Goiânia,GO
1376,Fernanda Carvalho,Salvador,BA
1377,Patricia Mendes,São Paulo,Sp
1378,Beatriz Oliveira,Recife,PE
1379,Larissa Ribeiro,Recife,PE
1380,Pedro Pereira,Recife,
1381,Mariana Ribeiro,Rio de Janeiro,RJ
1382,Ana Barbosa,Curitiba,PR
1383,João Ribeiro,Brasília,DF
1384,Ana Barbosa,Salvador,BA
1385,João Ribeiro,Belo Horizonte,Mg
1386,Fernanda Carvalho,Brasília,DF
1387,Renato Barbosa,Goiânia,GO
1388,Larissa Rocha,Recife,PE
1389,Camila Costa,Porto Alegre,RS
1390,Camila Souza,Curitiba,PR
1391,Mariana Costa,Fortaleza,CE
1392,Ana Costa,Belo Horizonte,MG
1393,Thiago Lima,Recife,PE
1394,Larissa Souza,Salvador,BA
1395,Rafael Costa,Fortaleza,CE
1396,Gabriel Barbosa,Curitiba,PR
1397,Ana Silva,Fortaleza,CE
1398,Camila Barbosa,Porto Alegre,RS
1399,Thiago Lima,Goiânia,GO
1400,Renato Oliveira,Recife,PE
1401,Larissa Oliveira,,rs
1402,Fernanda Rocha,Salvador,
1403, Lucas Alves ,Porto Alegre,RS
1404,Rafael Santos,Fortaleza,CE
1405,Amanda Souza,Salvador,BA
1406,Patricia Ferreira,Brasília,DF
1407,Juliana Ribeiro,Recife,PE
1408,Rafael Martins,Recife,PE
1409,Patricia Martins,Curitiba,PR
1410,Ana Pereira,Porto Alegre,RS
1411,Renato Santos,Goiânia,GO
1412,Patricia Mendes,Brasília,DF
1413,Thiago Lima,Belo Horizonte,MG
1414,Larissa Barbosa,São Paulo,SP
1415,Thiago Ribeiro,Recife,PE
1416,João Silva,Curitiba,PR
1417,Beatriz Oliveira,Porto Alegre,RS
1418,Fernanda Silva,Rio de Janeiro,RJ
1419,Pedro Ferreira,Goiânia,GO
1420,Bruno Barbosa,Rio de Janeiro,RJ
1421,João Mendes,Curitiba,PR
1422,Rafael Lima,Salvador,BA
1423,Patricia Ferreira,São Paulo,SP
1424,Pedro Pereira,Curitiba,PR
1425,Mariana Carvalho,Salvador,BA
1426,Camila Mendes,Salvador,
1427,Ana Silva,Curitiba,PR
1428,Beatriz Martins,Salvador,BA
1429,Lucas Lima,Fortaleza,CE
1430,Larissa Oliveira,Brasília,DF
1431, Ana Silva ,Recife,PE
1432,Ana Rocha,Goiânia,GO
1433,Mariana Ribeiro,São Paulo,SP
1434,Ana Lima,Belo Horizonte,MG
1435,Pedro Martins,Rio de Janeiro,Rj
1436,Patricia Souza,Belo Horizonte,MG
1437,Diego Souza,Recife,PE
1438,Pedro Ribeiro,São Paulo,SP
1439,Amanda Pereira,Goiânia,GO
1440,Juliana Silva,Rio de Janeiro,RJ
1441,Bruno Ferreira,Salvador,BA
1442,Amanda Alves,Fortaleza,CE
1443,Thiago Silva,Fortaleza,CE
1444,Camila Costa,,ce
1445,Lucas Barbosa,Salvador,BA
1446,Carlos Costa,Salvador,BA
1447,Diego Alves,Brasília,DF
1448,Carlos Rocha,Rio de Janeiro,RJ
1449,Juliana Ribeiro,Fortaleza,CE
1450,Beatriz Oliveira,Brasília,DF
1451,Camila Rocha,Belo Horizonte,MG
1452,Patricia Pereira,Rio de Janeiro,RJ
1453,Juliana Costa,São Paulo,SP
1454,Carlos Gomes,Recife,PE
1455,Carlos Lima,Brasília,DF
1456,Carlos Costa,Rio de Janeiro,RJ
1457,Lucas Gomes,Rio de Janeiro,RJ
1458,Beatriz Mendes,Goiânia,GO
1459,Gabriel Ferreira,Recife,PE
1460,Beatriz Mendes,Curitiba,PR
1461,Bruno Barbosa,Recife,PE
1462,João Oliveira,São Paulo,SP
1463,João Costa,Brasília,DF
1464,Camila Oliveira,Rio de Janeiro,RJ
1465,Beatriz Rocha,Belo Horizonte,MG
1466,Diego Mendes,Fortaleza,CE
1467,Larissa Silva,São Paulo,SP
1468,Carlos Gomes,Recife,PE
1469,Rafael Souza,São Paulo,SP
1470,Camila Costa,Recife,PE
1471,Gabriel Barbosa,Rio de Janeiro,RJ
1472,Larissa Barbosa,Recife,PE
1473,Maria Gomes,Porto Alegre,RS
1474,Amanda Ferreira,Porto Alegre,RS
1475,,São Paulo,SP
1476,Thiago Silva,Salvador,BA
1477,Juliana Martins,Salvador,Ba
1478,Fernanda Ribeiro,Goiânia,
1479,Camila Oliveira,Salvador,BA
1480,Maria Rocha,Brasília,DF
1481,Bruno Silva,Recife,PE
1482,Gabriel Gomes,Salvador,BA
1483,Carlos Pereira,Salvador,BA
1484,Renato Costa,Goiânia,GO
1485,Lucas Barbosa,Rio de Janeiro,RJ
1486,Camila Mendes,São Paulo,SP
1487,Fernanda Santos,Goiânia,
1488,Pedro Barbosa,Brasília,DF
1489,Camila Ribeiro,Brasília,DF
1490,Patricia Gomes,Porto Alegre,RS
1491,Larissa Costa,São Paulo,SP
1492,Mariana Barbosa,Belo Horizonte,MG
1493,Rafael Mendes,Fortaleza,CE
1494,Patricia Souza,Fortaleza,CE
1495,Fernanda Lima,Porto Alegre,RS
1496,Pedro Pereira,Brasília,DF
1497,Mariana Mendes,Goiânia,GO
1498,Ana Pereira,São Paulo,SP
1499,Rafael Barbosa,Fortaleza,CE
1500,Maria Pereira,Curitiba,PR
1501,,Porto Alegre,RS
1502,Maria Barbosa,São Paulo,Sp
1503,Renato Ribeiro,Rio de Janeiro,RJ
1504,Juliana Santos,Brasília,DF
1505,Ana Alves,Rio de Janeiro,RJ
1506,Carlos Mendes,Recife,PE
1507,Carlos Carvalho,Salvador,BA
1508,Fernanda Martins,Belo Horizonte,MG
1509,Bruno Rocha,Brasília,DF
1510,Beatriz Ferreira,Rio de Janeiro,RJ
1511,Fernanda Mendes,Curitiba,PR
1512,Camila Silva,Goiânia,go
1513,Maria Alves,Porto Alegre,RS
1514,Juliana Oliveira,Fortaleza,CE
1515,Gabriel Silva,Brasília,DF
1516,Camila Santos,Belo Horizonte,MG
1517,Mariana Rocha,Salvador,BA
1518,Patricia Souza,Porto Alegre,RS
1519,Beatriz Barbosa,Brasília,DF
1520,Patricia Oliveira,Curitiba,PR
1521,Juliana Martins,Goiânia,GO
1522,Renato Rocha,São Paulo,SP
1523,Mariana Rocha,,pr
1524,Camila Carvalho,Goiânia,
1525,Diego Lima,Goiânia,GO
1526,Renato Rocha,Recife,PE
1527,Mariana Carvalho,Porto Alegre,RS
1528,Mariana Gomes,Brasília,DF
1529,Fernanda Silva,São Paulo,SP
1530,Fernanda Santos,Recife,PE
1531,Mariana Souza,Brasília,DF
1532,Ana Santos,Salvador,BA
1533,João Martins,Recife,PE
1534,Fernanda Pereira,Belo Horizonte,MG
1535,Bruno Ribeiro,Recife,PE
1536,Lucas Pereira,Porto Alegre,RS
1537,Mariana Martins,,pr
1538,Fernanda Rocha,Belo Horizonte,MG
1539,Rafael Santos,São Paulo,SP
1540,Gabriel Pereira,Brasília,DF
1541,Bruno Santos,Rio de Janeiro,RJ
1542, Fernanda Barbosa ,Salvador,BA
1543,Amanda Souza,São Paulo,SP
1544,Camila Gomes,Salvador,BA
1545,Maria Costa,Porto Alegre,RS
1546,Renato Rocha,Curitiba,
1547,Patricia Lima,Porto Alegre,RS
1548, Ana Barbosa ,Porto Alegre,RS
1549,Camila Mendes,Goiânia,GO
1550,Diego Carvalho,Brasília,DF
1551,Beatriz Lima,Fortaleza,CE
1552,Rafael Souza,Belo Horizonte,MG
1553,Maria Barbosa,Porto Alegre,RS
1554,Carlos Barbosa,São Paulo,SP
1555,Larissa Barbosa,Recife,PE
1556,Ana Oliveira,Salvador,
1557,Mariana Costa,Fortaleza,CE
1558,Thiago Pereira,Goiânia,GO
1559,,Goiânia,GO
1560,Fernanda Barbosa,Rio de Janeiro,RJ
1561,,Rio de Janeiro,RJ
1562,Carlos Carvalho,,pr
1563,Beatriz Rocha,Porto Alegre,RS
1564,,São Paulo,SP
1565,Renato Lima,Belo Horizonte,MG
1566,Camila Carvalho,São Paulo,SP
1567,Amanda Gomes,Rio de Janeiro,RJ
1568,Gabriel Santos,São Paulo,SP
1569,Gabriel Ribeiro,Curitiba,PR
1570,Patricia Ribeiro,Goiânia,GO
1571,Juliana Pereira,Recife,PE
1572,Bruno Martins,Rio de Janeiro,RJ
1573,Amanda Costa,Brasília,DF
1574,Diego Carvalho,Recife,PE
1575,Ana Barbosa,Fortaleza,CE
1576,Camila Rocha,Brasília,Df
1577,Camila Lima,Curitiba,PR
1578,Fernanda Martins,Porto Alegre,RS
1579,Maria Oliveira,Fortaleza,CE
1580,Thiago Mendes,Salvador,BA
1581,Diego Silva,Rio de Janeiro,RJ
1582,Mariana Gomes,São Paulo,
1583,Camila Carvalho,Goiânia,GO
1584,Rafael Mendes,Salvador,BA
1585,Mariana Pereira,Curitiba,Pr
1586,Bruno Oliveira,Brasília,DF
1587,,,rj
1588,Rafael Gomes,Goiânia,GO
1589,Amanda Ferreira,Brasília,DF
1590,Ana Silva,Belo Horizonte,MG
1591,,Belo Horizonte,MG
1592,Ana Alves,Brasília,DF
1593,Larissa Pereira,Rio de Janeiro,RJ
1594,Beatriz Martins,São Paulo,SP
1595,Rafael Barbosa,,pe
1596,Fernanda Pereira,Porto Alegre,RS
1597,Maria Carvalho,São Paulo,SP
1598,Patricia Martins,Recife,PE
1599,Larissa Ribeiro,São Paulo,SP
1600,Thiago Barbosa,Belo Horizonte,MG
1601,Patricia Carvalho,Fortaleza,Ce
1602,Patricia Barbosa,Rio de Janeiro,RJ
1603,Juliana Rocha,,df
1604,Lucas Barbosa,Salvador,BA
1605,Thiago Carvalho,Goiânia,GO
1606,Rafael Lima,Porto Alegre,RS
1607,Patricia Ferreira,Recife,PE
1608,Amanda Pereira,Porto Alegre,RS
1609,Beatriz Lima,Curitiba,PR
1610,Carlos Martins,Recife,PE
1611,Maria Silva,Salvador,BA
1612,Mariana Costa,Fortaleza,ce
1613, Patricia Oliveira ,Goiânia,GO
1614,Beatriz Mendes,Salvador,BA
1615,Larissa Mendes,Curitiba,PR
1616,Amanda Oliveira,São Paulo,SP
1617,Rafael Oliveira,Rio de Janeiro,RJ
1618,Carlos Souza,Fortaleza,CE
1619,Lucas Ferreira,Curitiba,PR
1620,Diego Barbosa,Rio de Janeiro,RJ
1621,Ana Oliveira,Belo Horizonte,MG
1622,João Alves,Recife,PE
1623,Pedro Mendes,Salvador,BA
1624,Fernanda Lima,Fortaleza,CE
1625,Patricia Martins,Brasília,DF
1626,Diego Ferreira,São Paulo,SP
1627,Diego Santos,Rio de Janeiro,RJ
1628,Mariana Martins,São Paulo,SP
1629, Ana Souza ,Fortaleza,CE
1630,Larissa Ribeiro,Salvador,BA
1631,,Porto Alegre,RS
1632,Ana Gomes,Recife,PE
1633,Amanda Rocha,Salvador,BA
1634,Gabriel Pereira,Porto Alegre,
1635,Gabriel Lima,Fortaleza,CE
1636,Pedro Ribeiro,Fortaleza,CE
1637,João Silva,Fortaleza,CE
1638,Camila Martins,Fortaleza,CE
1639, Juliana Mendes ,Fortaleza,CE
1640, Carlos Rocha ,Porto Alegre,RS
1641,,Salvador,BA
1642,Thiago Alves,Salvador,BA
1643,Thiago Lima,Brasília,DF
1644,Renato Pereira,Salvador,BA
1645,Patricia Martins,Rio de Janeiro,
1646,Ana Barbosa,Belo Horizonte,MG
1647,Diego Gomes,Goiânia,GO
1648,Bruno Barbosa,Brasília,DF
1649,Beatriz Martins,Curitiba,PR
1650,Rafael Lima,Fortaleza,CE
1651,Lucas Rocha,Recife,pe
1652,Larissa Ferreira,Rio de Janeiro,RJ
1653,Carlos Ferreira,Goiânia,GO
1654,Carlos Ferreira,Porto Alegre,RS
1655,Beatriz Silva,Curitiba,PR
1656,Maria Ribeiro,Porto Alegre,RS
1657,Beatriz Silva,Rio de Janeiro,RJ
1658, Maria Martins ,Recife,PE
1659,Renato Gomes,Recife,PE
1660,Ana Lima,Fortaleza,CE
1661,Rafael Lima,Salvador,
1662,Amanda Martins,Brasília,DF
1663,Larissa Souza,Recife,PE
1664,Mariana Silva,Goiânia,GO
1665,Camila Oliveira,Fortaleza,
1666,Larissa Souza,Goiânia,GO
1667,Diego Silva,Rio de Janeiro,RJ
1668,João Mendes,Belo Horizonte,MG
1669,Thiago Rocha,Rio de Janeiro,RJ
1670,Gabriel Souza,Recife,PE
1671,,Brasília,DF
1672,,Fortaleza,CE
1673,Carlos Oliveira,Fortaleza,CE
1674,Bruno Santos,Curitiba,PR
1675,Mariana Souza,Goiânia,GO
1676,Maria Ribeiro,Brasília,
1677,Renato Mendes,Brasília,DF
1678,Maria Pereira,Belo Horizonte,MG
1679,Beatriz Gomes,Rio de Janeiro,RJ
1680,Larissa Martins,Rio de Janeiro,RJ
1681,Fernanda Silva,Porto Alegre,RS
1682,Carlos Alves,Fortaleza,CE
1683,Thiago Martins,Recife,
1684,Lucas Lima,Salvador,BA
1685,Fernanda Martins,Fortaleza,CE
1686,,Recife,PE
1687,Mariana Silva,São Paulo,SP
1688,Amanda Mendes,Brasília,DF
1689,Lucas Ribeiro,São Paulo,SP
1690,Pedro Ribeiro,Rio de Janeiro,RJ
1691,Ana Mendes,Brasília,DF
1692,Renato Carvalho,Porto Alegre,RS
1693,Bruno Alves,Salvador,BA
1694,Amanda Carvalho,São Paulo,SP
1695,João Barbosa,São Paulo,SP
1696,Patricia Barbosa,Brasília,DF
1697,Pedro Silva,Recife,PE
1698,Gabriel Ferreira,Brasília,DF
1699,João Oliveira,Recife,PE
1700,João Alves,São Paulo,SP
1701,Juliana Pereira,Rio de Janeiro,RJ
1702,Fernanda Alves,Recife,PE
1703, Beatriz Pereira ,São Paulo,SP
1704,Gabriel Oliveira,Porto Alegre,RS
1705,Larissa Pereira,Goiânia,GO
1706,Mariana Santos,Goiânia,GO
1707, Bruno Alves ,Fortaleza,CE
1708,João Mendes,Fortaleza,CE
1709,,Brasília,DF
1710,Maria Carvalho,Brasília,DF
1711,Carlos Rocha,Recife,PE
1712,Fernanda Souza,Porto Alegre,RS
1713,Renato Silva,Brasília,DF
1714,Thiago Silva,Belo Horizonte,MG
1715,Pedro Alves,Belo Horizonte,MG
1716,Carlos Silva,Recife,PE
1717,,Salvador,BA
1718,Beatriz Alves,Salvador,BA
1719,Diego Alves,Rio de Janeiro,RJ
1720,Carlos Rocha,Goiânia,GO
1721,Maria Gomes,Salvador,BA
1722,Ana Souza,Recife,Pe
1723,Patricia Santos,Rio de Janeiro,RJ
1724,Camila Gomes,Brasília,
1725,Fernanda Silva,Recife,PE
1726,Amanda Oliveira,Salvador,BA
1727,João Rocha,Fortaleza,CE
1728,Carlos Silva,Goiânia,GO
1729,Lucas Lima,Fortaleza,CE
1730,Amanda Rocha,Curitiba,PR
1731,Maria Lima,Porto Alegre,RS
1732,Juliana Ribeiro,Goiânia,GO
1733,Ana Barbosa,Porto Alegre,RS
1734,João Lima,São Paulo,SP
1735,Larissa Souza,Brasília,DF
1736,Lucas Santos,Salvador,BA
1737,Rafael Carvalho,Goiânia,GO
1738,Camila Martins,Salvador,BA
1739,Maria Barbosa,Belo Horizonte,MG
1740,Fernanda Rocha,Goiânia,GO
1741,Renato Gomes,Belo Horizonte,MG
1742,João Ferreira,São Paulo,Sp
1743, Carlos Lima ,Porto Alegre,RS
1744,Juliana Souza,São Paulo,SP
1745,Fernanda Mendes,Curitiba,PR
1746,Mariana Pereira,São Paulo,SP
1747,Carlos Silva,Curitiba,PR
1748,Carlos Carvalho,Belo Horizonte,MG
1749,Juliana Costa,Fortaleza,CE
1750,Patricia Santos,Rio de Janeiro,RJ
1751,Lucas Pereira,Fortaleza,CE
1752,Amanda Martins,Belo Horizonte,MG
1753,Thiago Pereira,Fortaleza,CE
1754,Fernanda Souza,Porto Alegre,RS
1755,Thiago Barbosa,Belo Horizonte,MG
1756,Amanda Santos,Curitiba,PR
1757,Diego Ferreira,Recife,PE
1758,Juliana Barbosa,Recife,PE
1759,Thiago Souza,Belo Horizonte,MG
1760,Fernanda Gomes,Belo Horizonte,MG
1761,Thiago Costa,Salvador,BA
1762,Pedro Ribeiro,Recife,PE
1763,Maria Rocha,Fortaleza,CE
1764,Rafael Martins,Brasília,DF
1765,Bruno Gomes,São Paulo,SP
1766,Pedro Ferreira,Rio de Janeiro,RJ
1767,Larissa Santos,Porto Alegre,RS
1768,Pedro Ferreira,São Paulo,SP
1769,Renato Mendes,Porto Alegre,RS
1770,Bruno Pereira,Goiânia,GO
1771,Larissa Mendes,São Paulo,SP
1772,Juliana Gomes,Brasília,DF
1773,João Barbosa,Fortaleza,CE
1774,Gabriel Alves,Belo Horizonte,MG
1775,Fernanda Rocha,Recife,PE
1776,Lucas Martins,Brasília,DF
1777,Larissa Silva,Salvador,BA
1778,Camila Silva,Recife,PE
1779,Renato Alves,Brasília,DF
1780,Larissa Ribeiro,Salvador,BA
1781,Maria Lima,Curitiba,PR
1782,Thiago Gomes,Brasília,DF
1783,Larissa Gomes,Belo Horizonte,MG
1784,Rafael Ribeiro,Rio de Janeiro,RJ
1785,Mariana Souza,Goiânia,GO
1786,Pedro Gomes,Porto Alegre,RS
1787,Diego Santos,Recife,Pe
1788,Mariana Carvalho,Brasília,DF
1789,Ana Martins,Recife,PE
1790,Lucas Lima,Belo Horizonte,MG
1791,Beatriz Costa,Goiânia,GO
1792,Lucas Rocha,Porto Alegre,RS
1793,Rafael Santos,Brasília,DF
1794,Renato Barbosa,Recife,PE
1795, Pedro Ribeiro ,Recife,PE
1796,Camila Gomes,Goiânia,GO
1797,Patricia Alves,Curitiba,PR
1798,Rafael Gomes,Curitiba,PR
1799,Maria Alves,Curitiba,PR
1800,Camila Santos,Belo Horizonte,MG
1801,Larissa Oliveira,Salvador,Ba
1802,Renato Martins,Recife,PE
1803,Maria Rocha,São Paulo,Sp
1804,Rafael Gomes,Salvador,BA
1805,Gabriel Souza,São Paulo,SP
1806,Ana Carvalho,Recife,PE
1807, Larissa Alves ,Recife,PE
1808,Mariana Costa,São Paulo,SP
1809,Carlos Gomes,Curitiba,Pr
1810,Bruno Lima,Recife,PE
1811,Maria Pereira,Recife,PE
1812,Diego Oliveira,Brasília,DF
1813,Amanda Silva,São Paulo,SP
1814,Fernanda Ferreira,Belo Horizonte,MG
1815,,São Paulo,SP
1816,Lucas Santos,Belo Horizonte,MG
1817,Mariana Costa,São Paulo,SP
1818,Renato Carvalho,Fortaleza,CE
1819,Larissa Gomes,Brasília,DF
1820,Juliana Carvalho,,pr
1821,João Gomes,Belo Horizonte,MG
1822, Bruno Ferreira ,São Paulo,Sp
1823,Camila Barbosa,Rio de Janeiro,RJ
1824,Thiago Costa,Porto Alegre,RS
1825,Gabriel Lima,Salvador,BA
1826,Renato Barbosa,Rio de Janeiro,RJ
1827,Thiago Rocha,Brasília,DF
1828,Diego Silva,,mg
1829,Carlos Ribeiro,Belo Horizonte,MG
1830,Amanda Santos,São Paulo,SP
1831,Lucas Lima,Brasília,DF
1832, Amanda Rocha ,Salvador,BA
1833,Maria Martins,Porto Alegre,RS
1834,Renato Carvalho,Belo Horizonte,MG
1835, Fernanda Alves ,Goiânia,GO
1836,Mariana Rocha,São Paulo,Sp
1837,Lucas Souza,Curitiba,PR
1838,Mariana Pereira,Belo Horizonte,MG
1839,Rafael Ribeiro,Curitiba,PR
1840,Mariana Alves,Porto Alegre,RS
1841,Lucas Mendes,Recife,
1842,Gabriel Gomes,Curitiba,PR
1843,Amanda Martins,Curitiba,PR
1844,João Gomes,Brasília,DF
1845,Camila Lima,Fortaleza,CE
1846,Rafael Ribeiro,Recife,PE
1847,Beatriz Santos,Salvador,BA
1848,Ana Pereira,,sp
1849,Juliana Barbosa,Brasília,DF
1850,Juliana Gomes,Recife,PE
1851,Pedro Martins,São Paulo,SP
1852,Thiago Costa,Belo Horizonte,MG
1853,Juliana Barbosa,Salvador,BA
1854,Patricia Alves,Belo Horizonte,MG
1855,Juliana Silva,Curitiba,PR
1856,Ana Mendes,Belo Horizonte,MG
1857,Mariana Silva,Rio de Janeiro,RJ
1858,Gabriel Gomes,Goiânia,GO
1859,Lucas Martins,Curitiba,PR
1860,Camila Gomes,Goiânia,GO
1861,Pedro Oliveira,Goiânia,GO
1862,Ana Mendes,Belo Horizonte,MG
1863,Camila Silva,Curitiba,PR
1864,,Rio de Janeiro,RJ
1865,Patricia Ribeiro,Brasília,DF
1866,Ana Pereira,Recife,PE
1867,Rafael Pereira,Curitiba,PR
1868,Lucas Mendes,Brasília,DF
1869,Carlos Costa,Rio de Janeiro,RJ
1870,Bruno Santos,,ba
1871,Beatriz Oliveira,São Paulo,Sp
1872,João Souza,Rio de Janeiro,RJ
1873,Gabriel Mendes,Recife,PE
1874,Patricia Carvalho,Salvador,BA
1875,Renato Alves,Salvador,BA
1876,Maria Ferreira,Salvador,BA
1877,,Brasília,DF
1878,Ana Silva,Goiânia,GO
1879,Fernanda Ferreira,Recife,PE
1880,Beatriz Martins,,mg
1881,Renato Silva,Salvador,BA
1882,Renato Rocha,Belo Horizonte,MG
1883,Amanda Santos,Salvador,BA
1884,Beatriz Oliveira,Brasília,DF
1885,Ana Souza,Curitiba,PR
1886,Larissa Rocha,Curitiba,PR
1887,Beatriz Alves,Belo Horizonte,MG
1888,Pedro Oliveira,Brasília,DF
1889,,Salvador,BA
1890,Fernanda Mendes,Recife,PE
1891,Ana Barbosa,Rio de Janeiro,RJ
1892,Fernanda Santos,Salvador,BA
1893,Gabriel Martins,Belo Horizonte,MG
1894,Pedro Oliveira,Rio de Janeiro,RJ
1895,Lucas Oliveira,Goiânia,GO
1896,Gabriel Silva,Porto Alegre,Rs
1897,Gabriel Martins,Salvador,BA
1898,Ana Alves,Rio de Janeiro,RJ
1899,Rafael Carvalho,Curitiba,PR
1900,Fernanda Barbosa,Recife,PE
1901,Maria Carvalho,Porto Alegre,RS
1902,Bruno Barbosa,Belo Horizonte,MG
1903,Gabriel Souza,Salvador,BA
1904,Fernanda Souza,Curitiba,PR
1905,Camila Costa,São Paulo,SP
1906,Beatriz Ferreira,Brasília,DF
1907,Camila Ribeiro,Belo Horizonte,MG
1908,Carlos Lima,Salvador,BA
1909,Maria Ribeiro,Recife,PE
1910,Rafael Barbosa,Porto Alegre,RS
1911,Lucas Silva,Salvador,BA
1912,Ana Gomes,Brasília,DF
1913,Maria Oliveira,Salvador,BA
1914,Maria Oliveira,Fortaleza,CE
1915,Ana Gomes,Belo Horizonte,mg
1916,Beatriz Ribeiro,Goiânia,GO
1917,Gabriel Santos,Recife,PE
1918,Bruno Rocha,,ba
1919,Carlos Barbosa,Fortaleza,CE
1920,Thiago Barbosa,Porto Alegre,RS
1921,Thiago Costa,Brasília,DF
1922,Patricia Ribeiro,Goiânia,GO
1923,Larissa Costa,Brasília,DF
1924,,Fortaleza,CE
1925,Diego Barbosa,Rio de Janeiro,RJ
1926,Carlos Pereira,Rio de Janeiro,RJ
1927,Mariana Silva,Fortaleza,CE
1928,Maria Lima,Goiânia,GO
1929,Larissa Mendes,São Paulo,
1930,Camila Ferreira,Fortaleza,CE
1931,João Alves,Porto Alegre,rs
1932,Camila Rocha,Curitiba,PR
1933,Diego Ferreira,Goiânia,GO
1934,Carlos Souza,Belo Horizonte,mg
1935,Lucas Lima,Goiânia,GO
1936,Bruno Lima,Goiânia,GO
1937,Bruno Gomes,Curitiba,PR
1938,Bruno Martins,Curitiba,PR
1939, Bruno Pereira ,Salvador,BA
1940,Diego Costa,Brasília,DF
1941,Patricia Gomes,São Paulo,SP
1942,Bruno Oliveira,Fortaleza,CE
1943,Pedro Carvalho,Rio de Janeiro,RJ
1944,Bruno Lima,Belo Horizonte,MG
1945,Fernanda Gomes,Rio de Janeiro,RJ
1946,Diego Ribeiro,Goiânia,GO
1947,Diego Ferreira,Goiânia,GO
1948,Amanda Oliveira,São Paulo,SP
1949,Gabriel Costa,Salvador,BA
1950,Larissa Gomes,Recife,PE
1951,Diego Lima,Curitiba,PR
1952,Bruno Souza,Salvador,BA
1953,Amanda Martins,Recife,PE
1954,Rafael Ribeiro,Porto Alegre,RS
1955,Fernanda Ribeiro,Rio de Janeiro,RJ
1956,Renato Santos,Rio de Janeiro,Rj
1957,Pedro Costa,Goiânia,Go
1958,Larissa Barbosa,São Paulo,SP
1959,Diego Lima,Recife,PE
1960,Larissa Oliveira,,df
1961,João Martins,Fortaleza,CE
1962,Diego Souza,Goiânia,GO
1963,Diego Alves,Curitiba,Pr
1964,Diego Ferreira,São Paulo,SP
1965,Juliana Oliveira,Salvador,BA
1966,Larissa Oliveira,Porto Alegre,RS
1967,Lucas Silva,Goiânia,GO
1968,Diego Souza,Recife,PE
1969,Maria Ferreira,São Paulo,SP
1970,Juliana Oliveira,São Paulo,SP
1971,Gabriel Ferreira,São Paulo,SP
1972,Pedro Lima,Brasília,DF
1973,Ana Mendes,Belo Horizonte,MG
1974,Juliana Martins,Curitiba,PR
1975,Rafael Rocha,Curitiba,PR
1976,João Ferreira,Belo Horizonte,MG
1977,Ana Gomes,Brasília,DF
1978,Mariana Pereira,Recife,PE
1979,Carlos Martins,Recife,PE
1980,Ana Carvalho,Brasília,DF
1981,Gabriel Lima,Rio de Janeiro,RJ
1982,Ana Lima,Salvador,BA
1983,Fernanda Souza,Salvador,BA
1984,João Martins,Recife,PE
1985,Patricia Alves,Goiânia,GO
1986,Fernanda Mendes,Rio de Janeiro,RJ
1987,Fernanda Martins,Belo Horizonte,MG
1988,Carlos Costa,Belo Horizonte,MG
1989,Ana Alves,Rio de Janeiro,RJ
1990, Lucas Lima ,,df
1991,Maria Gomes,Brasília,DF
1992,Fernanda Alves,Salvador,BA
1993, Patricia Souza ,Porto Alegre,RS
1994,Juliana Martins,Belo Horizonte,MG
1995, Maria Silva ,São Paulo,SP
1996,Camila Barbosa,Porto Alegre,RS
1997,Mariana Mendes,Recife,PE
1998,Carlos Silva,Fortaleza,CE
1999,Juliana Ferreira,Goiânia,GO
2000,Bruno Pereira,Goiânia,GO
2001,Ana Oliveira,São Paulo,SP
2002,Lucas Pereira,Recife,PE
2003, Larissa Carvalho ,Porto Alegre,RS
2004,Lucas Lima,São Paulo,SP
2005,Bruno Ferreira,Salvador,BA
2006,Patricia Santos,Recife,PE
2007,Diego Silva,Curitiba,PR
2008,Ana Ribeiro,São Paulo,SP
2009, Lucas Gomes ,Recife,PE
2010,Pedro Costa,Recife,PE
2011,Gabriel Gomes,Goiânia,GO
2012,Mariana Pereira,Goiânia,GO
2013,Diego Rocha,Fortaleza,CE
2014,Camila Alves,Porto Alegre,RS
2015,Mariana Alves,São Paulo,SP
2016,Ana Mendes,Curitiba,PR
2017,Fernanda Pereira,Fortaleza,CE
2018,Amanda Ferreira,Salvador,
2019,Larissa Mendes,Curitiba,PR
2020,Renato Souza,São Paulo,SP
2021,Bruno Costa,Porto Alegre,RS
2022,Thiago Oliveira,Brasília,DF
2023,Amanda Pereira,Recife,PE
2024,Thiago Gomes,Curitiba,PR
2025,Patricia Ferreira,Curitiba,PR
2026,Mariana Rocha,Curitiba,PR
2027,Thiago Barbosa,Curitiba,PR
2028,,Curitiba,PR
2029,Amanda Pereira,Rio de Janeiro,RJ
2030,Rafael Gomes,Rio de Janeiro,RJ
2031,João Oliveira,Brasília,DF
2032,João Souza,Curitiba,PR
2033,Ana Silva,São Paulo,SP
2034,Renato Santos,Belo Horizonte,MG
2035,Rafael Costa,Porto Alegre,RS
2036,Maria Mendes,Fortaleza,CE
2037,Carlos Ribeiro,Rio de Janeiro,RJ
2038,Ana Silva,,mg
2039,Ana Ferreira,Porto Alegre,RS
2040,Gabriel Oliveira,Recife,PE
2041,Carlos Ribeiro,Salvador,Ba
2042,Juliana Santos,São Paulo,SP
2043,Diego Carvalho,Goiânia,GO
2044,Camila Ribeiro,Salvador,BA
2045,Beatriz Ferreira,Porto Alegre,RS
2046,Pedro Silva,Curitiba,PR
2047,Ana Gomes,Recife,PE
2048,Beatriz Santos,Rio de Janeiro,RJ
2049,Bruno Lima,Rio de Janeiro,RJ
2050,Gabriel Ferreira,Salvador,BA
2051,Patricia Carvalho,Curitiba,PR
2052,Fernanda Gomes,Brasília,DF
2053,Beatriz Alves,Brasília,
2054,Diego Alves,Rio de Janeiro,RJ
2055,,São Paulo,SP
2056,Ana Oliveira,São Paulo,SP
2057,Ana Ribeiro,Recife,PE
2058,Patricia Alves,Belo Horizonte,MG
2059, Ana Oliveira ,Curitiba,PR
2060,,Brasília,DF
2061,Thiago Santos,Recife,PE
2062,João Lima,Salvador,BA
2063,João Martins,Curitiba,PR
2064,Ana Ribeiro,Recife,PE
2065,João Ribeiro,Rio de Janeiro,RJ
2066,Maria Costa,Fortaleza,CE
2067,Patricia Rocha,Fortaleza,CE
2068,Thiago Ribeiro,Belo Horizonte,MG
2069,Pedro Gomes,Curitiba,PR
2070,Maria Alves,Brasília,DF
2071,Larissa Santos,Recife,PE
2072,Gabriel Gomes,Curitiba,Pr
2073,Patricia Pereira,Porto Alegre,RS
2074, Amanda Carvalho ,São Paulo,SP
2075,Carlos Santos,Belo Horizonte,MG
2076,Camila Pereira,Fortaleza,CE
2077,Fernanda Mendes,Rio de Janeiro,RJ
2078,Thiago Barbosa,São Paulo,sp
2079,Camila Silva,Salvador,BA
2080,Diego Pereira,Salvador,BA
2081,Ana Oliveira,Salvador,BA
2082,Carlos Lima,São Paulo,SP
2083,Thiago Souza,Porto Alegre,RS
2084,Pedro Santos,Belo Horizonte,MG
2085,Ana Costa,Fortaleza,CE
2086,Diego Carvalho,Recife,PE
2087,Juliana Martins,São Paulo,SP
2088,Gabriel Alves,Belo Horizonte,MG
2089,Ana Barbosa,Rio de Janeiro,RJ
2090,Camila Santos,Recife,
2091,Camila Costa,Rio de Janeiro,RJ
2092,Pedro Santos,Curitiba,PR
2093,Beatriz Mendes,Recife,PE
2094,Carlos Barbosa,São Paulo,SP
2095,Patricia Lima,Recife,PE
2096,Renato Ferreira,Rio de Janeiro,RJ
2097,Bruno Souza,Goiânia,GO
2098, Fernanda Silva ,Curitiba,PR
2099,Mariana Gomes,Rio de Janeiro,RJ
2100,Pedro Ferreira,Recife,PE
2101,Rafael Oliveira,Rio de Janeiro,RJ
2102,Gabriel Martins,Belo Horizonte,MG
2103, Renato Barbosa ,Belo Horizonte,MG
2104,Bruno Rocha,São Paulo,SP
2105,Ana Pereira,Salvador,BA
2106,Gabriel Souza,Salvador,BA
2107,Lucas Souza,Belo Horizonte,MG
2108,Patricia Mendes,Porto Alegre,RS
2109,Pedro Mendes,Brasília,
2110,Rafael Martins,Fortaleza,CE
2111,Mariana Souza,Rio de Janeiro,RJ
2112,Camila Costa,Belo Horizonte,MG
2113,Beatriz Costa,Brasília,DF
2114,Gabriel Silva,Fortaleza,CE
2115,Pedro Lima,Salvador,BA
2116,Renato Silva,Curitiba,PR
2117,Beatriz Carvalho,Rio de Janeiro,RJ
2118,Bruno Silva,Recife,PE
2119,Rafael Oliveira,São Paulo,SP
2120,Patricia Costa,Goiânia,GO
2121,Lucas Silva,Salvador,BA
2122,,Porto Alegre,RS
2123,Beatriz Rocha,Brasília,DF
2124,Larissa Martins,Fortaleza,CE
2125,Mariana Rocha,Brasília,DF
2126,Mariana Martins,Brasília,DF
2127,Patricia Ribeiro,Goiânia,GO
2128,Carlos Santos,Rio de Janeiro,
2129,,Brasília,DF
2130,Amanda Oliveira,Recife,PE
2131,Camila Martins,Belo Horizonte,MG
2132,Gabriel Oliveira,Belo Horizonte,MG
2133,Juliana Rocha,Brasília,DF
2134,Gabriel Silva,Salvador,BA
2135,Bruno Mendes,Porto Alegre,RS
2136,Patricia Alves,São Paulo,SP
2137,João Silva,Curitiba,PR
2138,Diego Carvalho,Salvador,BA
2139,Patricia Alves,Fortaleza,CE
2140,Gabriel Souza,Goiânia,GO
2141,Gabriel Costa,Brasília,DF
2142,Patricia Alves,Rio de Janeiro,RJ
2143,Carlos Gomes,Porto Alegre,RS
2144,Renato Pereira,Rio de Janeiro,
2145,Thiago Lima,São Paulo,SP
2146,Pedro Gomes,São Paulo,SP
2147,Rafael Ferreira,Curitiba,PR
2148,Camila Pereira,Fortaleza,CE
2149,Gabriel Mendes,São Paulo,SP
2150,João Oliveira,Rio de Janeiro,RJ
2151,Carlos Lima,Porto Alegre,RS
2152,Pedro Barbosa,Salvador,BA
2153,Carlos Barbosa,São Paulo,SP
2154,Pedro Pereira,Brasília,DF
2155,Rafael Costa,Curitiba,PR
2156,Thiago Souza,Rio de Janeiro,RJ
2157,Beatriz Silva,Curitiba,PR
2158,Carlos Pereira,,go
2159,,Fortaleza,CE
2160,Juliana Oliveira,,mg
2161,Pedro Lima,Porto Alegre,RS
2162,Pedro Ferreira,Fortaleza,CE
2163,Beatriz Martins,Fortaleza,CE
2164,Bruno Costa,Belo Horizonte,MG
2165,Bruno Gomes,Rio de Janeiro,RJ
2166,Camila Costa,Belo Horizonte,MG
2167,Rafael Martins,Goiânia,GO
2168,Amanda Oliveira,Goiânia,GO
2169,Juliana Ferreira,Rio de Janeiro,RJ
2170,Diego Mendes,Goiânia,GO
2171,Diego Ferreira,,df
2172,Renato Martins,Curitiba,PR
2173, Juliana Ferreira ,Curitiba,PR
2174,Renato Silva,Salvador,BA
2175,Renato Alves,Fortaleza,Ce
2176,Lucas Pereira,Rio de Janeiro,RJ
2177,Pedro Martins,Brasília,DF
2178,Lucas Souza,Recife,PE
2179,Patricia Oliveira,Rio de Janeiro,RJ
2180,Thiago Gomes,Belo Horizonte,MG
2181,Thiago Silva,Recife,PE
2182,Gabriel Souza,Fortaleza,CE
2183, João Santos ,Recife,
2184,Camila Mendes,Salvador,BA
2185,Larissa Carvalho,Recife,PE
2186,Rafael Barbosa,Rio de Janeiro,RJ
2187,Carlos Silva,Belo Horizonte,mg
2188,,Rio de Janeiro,RJ
2189,Patricia Alves,Curitiba,
2190,Juliana Silva,São Paulo,SP
2191,Carlos Souza,Porto Alegre,Rs
2192,Amanda Gomes,Porto Alegre,RS
2193,Thiago Rocha,Rio de Janeiro,RJ
2194,Thiago Martins,Recife,PE
2195,Fernanda Barbosa,Recife,PE
2196,Beatriz Alves,Rio de Janeiro,RJ
2197,Pedro Ferreira,Fortaleza,CE
2198,Lucas Santos,Rio de Janeiro,RJ
2199, João Pereira ,Recife,PE
2200,Carlos Carvalho,Belo Horizonte,MG
2201,Diego Carvalho,Porto Alegre,RS
2202,Diego Oliveira,Curitiba,PR
2203,Rafael Pereira,Brasília,DF
2204,Mariana Ribeiro,Goiânia,GO
2205,Carlos Oliveira,,mg
2206,Bruno Silva,Recife,PE
2207,Bruno Oliveira,Fortaleza,
2208,Ana Gomes,Fortaleza,CE
2209,Rafael Mendes,Salvador,
2210,Patricia Pereira,Porto Alegre,RS
2211,Bruno Barbosa,Fortaleza,CE
2212,Fernanda Oliveira,Belo Horizonte,MG
2213,Thiago Mendes,Belo Horizonte,Mg
2214,Fernanda Gomes,Brasília,DF
2215,Bruno Barbosa,Belo Horizonte,MG
2216,Camila Ribeiro,São Paulo,
2217,Amanda Barbosa,Porto Alegre,RS
2218,Mariana Carvalho,Rio de Janeiro,RJ
2219,Rafael Lima,São Paulo,SP
2220,João Costa,Porto Alegre,RS
2221,João Ferreira,Recife,PE
2222,Fernanda Barbosa,Rio de Janeiro,rj
2223,,Porto Alegre,RS
2224,Mariana Lima,Rio de Janeiro,
2225,Renato Rocha,Recife,PE
2226,Bruno Barbosa,Porto Alegre,RS
2227,,Salvador,BA
2228,Diego Barbosa,Rio de Janeiro,RJ
2229,João Lima,Brasília,DF
2230,Ana Ferreira,Recife,pe
2231,Patricia Ferreira,Belo Horizonte,MG
2232,Gabriel Oliveira,Porto Alegre,RS
2233,Rafael Costa,Porto Alegre,RS
2234,Renato Gomes,Goiânia,GO
2235,Camila Pereira,São Paulo,SP
2236,Amanda Oliveira,Brasília,DF
2237,Juliana Ribeiro,Rio de Janeiro,RJ
2238,Ana Rocha,Curitiba,PR
2239,Larissa Costa,Porto Alegre,RS
2240, Camila Silva ,Recife,pe
2241,Thiago Oliveira,São Paulo,SP
2242,,Salvador,BA
2243,,Porto Alegre,RS
2244,Diego Lima,Rio de Janeiro,RJ
2245,Lucas Martins,Goiânia,GO
2246,Maria Barbosa,Salvador,BA
2247,Gabriel Martins,Brasília,DF
2248,Bruno Ribeiro,Goiânia,GO
2249,Renato Lima,Belo Horizonte,MG
2250,Lucas Ribeiro,Porto Alegre,
2251,Rafael Costa,Brasília,DF
2252,Carlos Lima,Fortaleza,CE
2253,Juliana Rocha,Salvador,BA
2254,Patricia Rocha,São Paulo,SP
2255,,Brasília,
2256,Camila Alves,Goiânia,GO
2257,Larissa Ribeiro,São Paulo,SP
2258,Gabriel Silva,Recife,PE
2259,Rafael Souza,Rio de Janeiro,Rj
2260,Carlos Carvalho,Goiânia,
2261,Beatriz Carvalho,São Paulo,SP
2262,Diego Souza,Belo Horizonte,MG
2263,Beatriz Lima,Belo Horizonte,MG
2264,Ana Ribeiro,Porto Alegre,RS
2265,Beatriz Pereira,Rio de Janeiro,Rj
2266,Carlos Oliveira,Belo Horizonte,MG
2267,Diego Rocha,Brasília,Df
2268,Gabriel Barbosa,Curitiba,PR
2269,Larissa Mendes,Goiânia,GO
2270,Amanda Oliveira,Brasília,DF
2271,,Curitiba,PR
2272,Mariana Pereira,Recife,PE
2273,Carlos Barbosa,Salvador,BA
2274,Carlos Rocha,Brasília,DF
2275,Camila Rocha,Rio de Janeiro,RJ
2276,,Porto Alegre,rs
2277,Amanda Rocha,São Paulo,SP
2278,Ana Rocha,Recife,PE
2279,Juliana Pereira,Salvador,BA
2280,Diego Santos,Curitiba,PR
2281,Thiago Carvalho,Recife,PE
2282,Bruno Ribeiro,Brasília,Df
2283,Beatriz Gomes,Recife,PE
2284,Diego Mendes,Curitiba,PR
2285,Thiago Ferreira,Goiânia,GO
2286,Maria Silva,Curitiba,PR
2287,Beatriz Barbosa,Salvador,BA
2288,Fernanda Oliveira,Curitiba,PR
2289,Patricia Santos,São Paulo,SP
2290,Pedro Rocha,Salvador,BA
2291,Mariana Carvalho,Rio de Janeiro,RJ
2292,Thiago Pereira,Belo Horizonte,MG
2293,Camila Alves,Belo Horizonte,MG
2294,Diego Pereira,Rio de Janeiro,RJ
2295,Carlos Pereira,São Paulo,SP
2296,Juliana Martins,Goiânia,GO
2297, Mariana Barbosa ,Belo Horizonte,MG
2298,Beatriz Ferreira,Salvador,BA
2299,Ana Santos,Recife,PE
2300,Pedro Santos,Curitiba,PR
2301,Carlos Barbosa,Belo Horizonte,Mg
2302,João Alves,Porto Alegre,RS
2303,Juliana Santos,Curitiba,PR
2304, Thiago Alves ,Fortaleza,CE
2305,Gabriel Souza,Fortaleza,CE
2306,Beatriz Mendes,São Paulo,sp
2307,Lucas Carvalho,São Paulo,SP
2308,Renato Souza,Belo Horizonte,MG
2309,Thiago Souza,Salvador,BA
2310,Amanda Santos,Fortaleza,CE
2311,Maria Oliveira,São Paulo,SP
2312,Juliana Martins,Recife,PE
2313,Fernanda Silva,,sp
2314,Lucas Gomes,São Paulo,SP
2315, Gabriel Lima ,Brasília,DF
2316,Carlos Rocha,Rio de Janeiro,RJ
2317,Juliana Ferreira,Belo Horizonte,MG
2318,Fernanda Alves,Rio de Janeiro,RJ
2319,Larissa Souza,São Paulo,SP
2320,Maria Santos,São Paulo,SP
2321,Maria Carvalho,Salvador,BA
2322,Camila Lima,Goiânia,GO
2323,Pedro Santos,Porto Alegre,RS
2324,Juliana Alves,Recife,PE
2325,Larissa Ribeiro,Belo Horizonte,MG
2326,Larissa Oliveira,São Paulo,SP
2327,Amanda Barbosa,Porto Alegre,Rs
2328,Diego Alves,Porto Alegre,RS
2329,Juliana Lima,São Paulo,SP
2330,Rafael Oliveira,São Paulo,SP
2331, Bruno Gomes ,Porto Alegre,RS
2332,Bruno Gomes,,pe
2333,Rafael Souza,Belo Horizonte,MG
2334,Patricia Souza,Porto Alegre,rs
2335,João Carvalho,Porto Alegre,RS
2336,João Carvalho,Goiânia,GO
2337,Maria Oliveira,Fortaleza,CE
2338,Camila Rocha,Brasília,DF
2339,Diego Mendes,Curitiba,PR
2340,Fernanda Lima,São Paulo,SP
2341,Bruno Santos,Belo Horizonte,MG
2342,Thiago Gomes,São Paulo,SP
2343,Bruno Silva,Rio de Janeiro,RJ
2344,Bruno Costa,Recife,PE
2345,Rafael Souza,Salvador,BA
2346,Lucas Martins,São Paulo,SP
2347, Amanda Carvalho ,Rio de Janeiro,RJ
2348,Bruno Mendes,Recife,PE
2349,Ana Souza,Belo Horizonte,MG
2350, Diego Rocha ,Goiânia,GO
2351,Fernanda Souza,Porto Alegre,RS
2352,,Salvador,BA
2353, Fernanda Ferreira ,Rio de Janeiro,Rj
2354,Diego Santos,Belo Horizonte,MG
2355,Patricia Santos,Brasília,DF
2356,Renato Ferreira,Salvador,BA
2357,Juliana Barbosa,Porto Alegre,RS
2358,Maria Ribeiro,Curitiba,PR
2359,,Goiânia,GO
2360,Diego Ferreira,Belo Horizonte,MG
2361,Ana Gomes,Rio de Janeiro,RJ
2362,Fernanda Martins,Fortaleza,CE
2363,Diego Souza,Goiânia,GO
2364,Rafael Carvalho,Porto Alegre,RS
2365,Fernanda Carvalho,Belo Horizonte,MG
2366,Fernanda Rocha,Salvador,BA
2367,Fernanda Rocha,Brasília,DF
2368,Diego Santos,Salvador,BA
2369,Rafael Martins,Belo Horizonte,MG
2370,Ana Alves,Brasília,DF
2371,Amanda Mendes,Porto Alegre,RS
2372,Patricia Martins,Fortaleza,CE
2373,Lucas Costa,,pe
2374,Bruno Barbosa,Rio de Janeiro,RJ
2375, Patricia Silva ,Curitiba,PR
2376,Diego Gomes,Brasília,DF
2377,Larissa Alves,Porto Alegre,RS
2378,Renato Oliveira,São Paulo,Sp
2379,Rafael Martins,Recife,PE
2380,Beatriz Lima,Curitiba,PR
2381,Diego Santos,Curitiba,PR
2382,Juliana Rocha,Brasília,DF
2383,Thiago Mendes,Rio de Janeiro,RJ
2384,Maria Martins,Porto Alegre,RS
2385,Mariana Lima,São Paulo,SP
2386,Lucas Martins,Fortaleza,CE
2387,Renato Oliveira,Salvador,BA
2388,Bruno Barbosa,Recife,PE
2389,Bruno Oliveira,Belo Horizonte,MG
2390,Lucas Costa,São Paulo,SP
2391, Larissa Pereira ,São Paulo,SP
2392,Juliana Pereira,Porto Alegre,RS
2393,Rafael Lima,Recife,PE
2394,Carlos Rocha,Brasília,DF
2395,Ana Mendes,Rio de Janeiro,RJ
2396,Fernanda Santos,Salvador,BA
2397,Rafael Santos,Salvador,BA
2398, Carlos Carvalho ,Belo Horizonte,MG
2399,Maria Silva,Belo Horizonte,MG
2400,Fernanda Pereira,Porto Alegre,RS
2401,Mariana Barbosa,Porto Alegre,RS
2402,Pedro Pereira,São Paulo,SP
2403,Amanda Pereira,Curitiba,pr
2404,Amanda Gomes,Goiânia,GO
2405,Diego Costa,Porto Alegre,RS
2406,Beatriz Barbosa,Brasília,DF
2407,Camila Oliveira,Belo Horizonte,MG
2408,Camila Martins,Recife,PE
2409,Carlos Costa,Recife,PE
2410,Juliana Gomes,Curitiba,PR
2411,Beatriz Martins,,mg
2412,Lucas Martins,São Paulo,SP
2413,Renato Martins,Brasília,DF
2414,Bruno Souza,Porto Alegre,RS
2415,Maria Ribeiro,Recife,PE
2416,Mariana Pereira,Rio de Janeiro,RJ
2417,Renato Lima,Goiânia,GO
2418,João Gomes,Rio de Janeiro,RJ
2419,Juliana Santos,São Paulo,SP
2420,Lucas Costa,Fortaleza,CE
2421,Camila Costa,Salvador,BA
2422,Fernanda Silva,São Paulo,SP
2423,Diego Oliveira,Fortaleza,CE
2424,Mariana Ribeiro,,rs
2425,Fernanda Souza,Porto Alegre,RS
2426,Gabriel Gomes,Curitiba,PR
2427,Pedro Santos,Rio de Janeiro,RJ
2428,Patricia Silva,São Paulo,SP
2429,Ana Oliveira,Goiânia,GO
2430,Amanda Ribeiro,Salvador,BA
2431,Camila Mendes,Recife,PE
2432,Thiago Barbosa,Brasília,DF
2433,Patricia Mendes,Recife,PE
2434,Diego Alves,,df
2435,Gabriel Ferreira,Fortaleza,CE
2436,Thiago Silva,Brasília,DF
2437,Beatriz Oliveira,Porto Alegre,RS
2438,Pedro Oliveira,Fortaleza,CE
2439,Beatriz Alves,Rio de Janeiro,RJ
2440,Beatriz Alves,São Paulo,SP
2441,Camila Carvalho,Curitiba,pr
2442,Amanda Martins,São Paulo,SP
2443,Larissa Barbosa,Fortaleza,CE
2444,Fernanda Carvalho,Recife,PE
2445,Pedro Oliveira,Brasília,DF
2446,João Costa,Fortaleza,CE
2447,Rafael Oliveira,São Paulo,SP
2448,Diego Barbosa,Curitiba,PR
2449,Gabriel Silva,Porto Alegre,RS
2450,Bruno Carvalho,Goiânia,GO
2451,Mariana Lima,Porto Alegre,RS
2452,Amanda Ferreira,Fortaleza,CE
2453,Lucas Carvalho,Curitiba,PR
2454,Beatriz Silva,Salvador,BA
2455,Pedro Silva,Porto Alegre,RS
2456,Carlos Rocha,Salvador,
2457,Amanda Costa,Rio de Janeiro,RJ
2458,Fernanda Ferreira,São Paulo,SP
2459,Patricia Ribeiro,Salvador,BA
2460,Bruno Pereira,Rio de Janeiro,RJ
2461,Lucas Mendes,Curitiba,PR
2462,Diego Gomes,Salvador,BA
2463,Amanda Mendes,Goiânia,GO
2464,Mariana Silva,Belo Horizonte,MG
2465,Amanda Lima,Curitiba,PR
2466,Renato Santos,São Paulo,SP
2467,Patricia Barbosa,Salvador,BA
2468,Fernanda Gomes,Brasília,DF
2469,Juliana Ribeiro,Fortaleza,CE
2470, Amanda Pereira ,Curitiba,PR
2471,Ana Martins,Fortaleza,CE
2472,Bruno Oliveira,Fortaleza,CE
2473,Mariana Silva,Salvador,BA
2474,Juliana Martins,Belo Horizonte,MG
2475,Lucas Gomes,Salvador,BA
2476,João Pereira,Recife,PE
2477,Thiago Ribeiro,Salvador,
2478,Bruno Silva,Goiânia,GO
2479,Beatriz Gomes,São Paulo,SP
2480,Bruno Souza,Goiânia,GO
2481,Beatriz Rocha,Recife,PE
2482,Larissa Oliveira,São Paulo,SP
2483,Ana Costa,Curitiba,
2484,Carlos Souza,Recife,PE
2485, Carlos Mendes ,Belo Horizonte,MG
2486,Renato Carvalho,Curitiba,PR
2487,Juliana Silva,Brasília,DF
2488,Maria Santos,Belo Horizonte,MG
2489,Bruno Santos,Curitiba,PR
2490,Lucas Martins,Curitiba,PR
2491,João Ribeiro,Porto Alegre,RS
2492,Rafael Santos,Goiânia,GO
2493,Pedro Costa,Rio de Janeiro,RJ
2494,João Costa,São Paulo,SP
2495,Pedro Alves,Porto Alegre,RS
2496,Lucas Lima,Porto Alegre,Rs
2497,Mariana Mendes,Curitiba,PR
2498,Lucas Mendes,Belo Horizonte,MG
2499,Rafael Mendes,Rio de Janeiro,RJ
2500,Juliana Rocha,Curitiba,pr
2501,Gabriel Lima,Fortaleza,CE
2502,Patricia Ferreira,Porto Alegre,RS
2503,Diego Mendes,Rio de Janeiro,RJ
2504,Lucas Rocha,Porto Alegre,rs
2505,Mariana Barbosa,Curitiba,PR
2506,Thiago Gomes,Goiânia,GO
2507,Carlos Ferreira,São Paulo,SP
2508,Renato Oliveira,Curitiba,PR
2509,Rafael Costa,São Paulo,SP
2510,Thiago Martins,Brasília,DF
2511,Juliana Carvalho,Recife,PE
2512,Fernanda Oliveira,Brasília,DF
2513,Thiago Gomes,,go
2514,Camila Pereira,Goiânia,GO
2515,Renato Souza,Rio de Janeiro,RJ
2516,Juliana Rocha,Brasília,DF
2517,,Curitiba,PR
2518,Camila Santos,Curitiba,PR
2519,Pedro Alves,Curitiba,PR
2520,Juliana Silva,Recife,PE
2521,Larissa Gomes,Belo Horizonte,MG
2522,Rafael Alves,Rio de Janeiro,RJ
2523,Ana Gomes,Salvador,BA
2524,Patricia Gomes,Fortaleza,Ce
2525,Thiago Silva,Belo Horizonte,MG
2526,Fernanda Ferreira,Salvador,BA
2527,Amanda Gomes,Rio de Janeiro,RJ
2528,Lucas Souza,Belo Horizonte,MG
2529,Gabriel Costa,Brasília,DF
2530,Beatriz Souza,Porto Alegre,RS
2531,Mariana Gomes,Fortaleza,CE
2532,Pedro Ferreira,Rio de Janeiro,RJ
2533,João Costa,Salvador,BA
2534,Rafael Silva,Recife,PE
2535,Patricia Souza,Porto Alegre,RS
2536,Carlos Rocha,Fortaleza,CE
2537,Renato Ferreira,Rio de Janeiro,RJ
2538,Larissa Gomes,Rio de Janeiro,RJ
2539,Thiago Mendes,Belo Horizonte,MG
2540,Rafael Martins,São Paulo,SP
2541, Beatriz Rocha ,Salvador,Ba
2542,Juliana Mendes,Brasília,DF
2543,João Mendes,Curitiba,PR
2544,Rafael Carvalho,Porto Alegre,RS
2545,Juliana Souza,Fortaleza,CE
2546,Pedro Oliveira,Curitiba,PR
2547,Patricia Mendes,Salvador,BA
2548,Fernanda Rocha,São Paulo,Sp
2549,Ana Oliveira,Brasília,DF
2550,Renato Ribeiro,Brasília,DF
2551,Bruno Santos,Brasília,DF
2552,Thiago Mendes,Porto Alegre,RS
2553,Fernanda Souza,Salvador,BA
2554,Patricia Mendes,Curitiba,PR
2555,Amanda Gomes,Curitiba,PR
2556,Patricia Pereira,São Paulo,SP
2557,Bruno Mendes,Recife,PE
2558,Renato Oliveira,Belo Horizonte,MG
2559,Fernanda Santos,Goiânia,GO
2560,Rafael Martins,Goiânia,GO
2561,Larissa Silva,Salvador,BA
2562,Rafael Lima,Recife,PE
2563,Larissa Costa,Brasília,DF
2564, Thiago Santos ,Recife,PE
2565,Lucas Ferreira,Porto Alegre,RS
2566,Rafael Silva,Curitiba,PR
2567,Juliana Martins,Brasília,DF
2568,,Porto Alegre,RS
2569,Fernanda Gomes,Fortaleza,CE
2570,Carlos Oliveira,Brasília,DF
2571,Thiago Ribeiro,Curitiba,PR
2572,Gabriel Martins,Salvador,BA
2573,Amanda Mendes,Salvador,BA
2574,Renato Gomes,Belo Horizonte,MG
2575,Rafael Ribeiro,Recife,PE
2576,Gabriel Ribeiro,São Paulo,SP
2577,Rafael Costa,Rio de Janeiro,RJ
2578,Patricia Martins,Belo Horizonte,MG
2579,Ana Santos,Goiânia,GO
2580,João Carvalho,Goiânia,GO
2581,Beatriz Santos,,ba
2582,Gabriel Pereira,Curitiba,PR
2583,Fernanda Costa,Recife,PE
2584,Renato Lima,Porto Alegre,Rs
2585, Thiago Rocha ,Recife,PE
2586,Fernanda Costa,Recife,PE
2587,Amanda Carvalho,Curitiba,PR
2588,Pedro Silva,São Paulo,SP
2589,Diego Barbosa,Brasília,Df
2590,Bruno Oliveira,Goiânia,GO
2591,João Rocha,Recife,PE
2592, Gabriel Souza ,Salvador,BA
2593,Rafael Martins,Rio de Janeiro,RJ
2594,Thiago Oliveira,Curitiba,PR
2595,Ana Alves,Recife,PE
2596,Pedro Rocha,Recife,PE
2597,Renato Ribeiro,Recife,PE
2598,Bruno Mendes,Goiânia,go
2599,Diego Ribeiro,São Paulo,SP
2600,Juliana Ribeiro,Porto Alegre,RS
2601,Camila Barbosa,Recife,PE
2602,Ana Lima,Goiânia,GO
2603,Fernanda Silva,Belo Horizonte,MG
2604,João Mendes,Salvador,BA
2605,Diego Gomes,Recife,PE
2606,Juliana Lima,Goiânia,GO
2607,Juliana Gomes,Recife,PE
2608,Beatriz Costa,Recife,PE
2609,,Rio de Janeiro,RJ
2610,Fernanda Lima,Porto Alegre,RS
2611,Carlos Pereira,Salvador,BA
2612,João Alves,Belo Horizonte,MG
2613, Carlos Carvalho ,Fortaleza,Ce
2614,Larissa Santos,São Paulo,SP
2615,Fernanda Mendes,Curitiba,PR
2616,Fernanda Alves,Recife,PE
2617,Bruno Mendes,Rio de Janeiro,RJ
2618,Pedro Lima,Fortaleza,CE
2619,Fernanda Barbosa,Recife,
2620,Maria Carvalho,Rio de Janeiro,RJ
2621,Pedro Barbosa,Belo Horizonte,
2622,Amanda Barbosa,Porto Alegre,RS
2623,Carlos Rocha,Belo Horizonte,MG
2624,Rafael Silva,Porto Alegre,RS
2625,Beatriz Costa,Salvador,BA
2626,Camila Mendes,Fortaleza,CE
2627,Larissa Ribeiro,Recife,PE
2628,Mariana Barbosa,São Paulo,SP
2629,Beatriz Barbosa,Curitiba,PR
2630,Camila Oliveira,Recife,PE
2631,Mariana Pereira,Rio de Janeiro,RJ
2632,Diego Ribeiro,Salvador,BA
2633,Camila Pereira,Goiânia,GO
2634,Lucas Gomes,Curitiba,PR
2635,Mariana Carvalho,Fortaleza,CE
2636,Patricia Mendes,Belo Horizonte,MG
2637,Camila Ferreira,Curitiba,PR
2638,Renato Rocha,Porto Alegre,RS
2639,Patricia Silva,Brasília,Df
2640,Ana Rocha,,rs
2641,Lucas Mendes,Porto Alegre,RS
2642,,Brasília,DF
2643,Larissa Pereira,Belo Horizonte,MG
2644,Bruno Oliveira,Rio de Janeiro,RJ
2645,Beatriz Barbosa,São Paulo,SP
2646,Beatriz Alves,Porto Alegre,RS
2647,Maria Oliveira,São Paulo,SP
2648,Juliana Rocha,Porto Alegre,RS
2649,Pedro Carvalho,Brasília,DF
2650,Thiago Ribeiro,Goiânia,GO
2651,Fernanda Carvalho,Goiânia,GO
2652,Larissa Ribeiro,São Paulo,SP
2653,Renato Ferreira,Recife,PE
2654,Renato Rocha,Belo Horizonte,MG
2655,Bruno Mendes,Goiânia,GO
2656,,Rio de Janeiro,RJ
2657,Beatriz Souza,Fortaleza,Ce
2658,Juliana Silva,Goiânia,GO
2659, Diego Carvalho ,Fortaleza,CE
2660,Pedro Santos,Goiânia,
2661,Carlos Costa,Fortaleza,CE
2662,Rafael Pereira,Rio de Janeiro,RJ
2663,Bruno Rocha,Recife,PE
2664,Ana Carvalho,Rio de Janeiro,RJ
2665,Rafael Martins,São Paulo,SP
2666,Amanda Gomes,,sp
2667,Ana Mendes,Belo Horizonte,MG
2668,Larissa Rocha,Belo Horizonte,MG
2669,Juliana Lima,Belo Horizonte,MG
2670,Mariana Oliveira,São Paulo,SP
2671,Maria Lima,Fortaleza,CE
2672, Renato Alves ,Belo Horizonte,MG
2673,Bruno Alves,Belo Horizonte,MG
2674,,Recife,PE
2675,João Rocha,Belo Horizonte,MG
2676,Gabriel Pereira,Belo Horizonte,MG
2677,Carlos Santos,Curitiba,PR
2678,Diego Oliveira,Curitiba,PR
2679,Beatriz Ferreira,Salvador,BA
2680,Pedro Ferreira,Recife,PE
2681,Rafael Silva,São Paulo,SP
2682,Carlos Ferreira,Salvador,BA
2683,Patricia Ribeiro,Belo Horizonte,MG
2684,Gabriel Barbosa,São Paulo,SP
2685,Renato Souza,Curitiba,PR
2686,João Lima,Fortaleza,CE
2687,Maria Souza,Goiânia,GO
2688,Camila Ferreira,Goiânia,GO
2689,Mariana Costa,Fortaleza,CE
2690,Mariana Ferreira,Rio de Janeiro,RJ
2691,,Belo Horizonte,MG
2692,Bruno Carvalho,São Paulo,SP
2693,Beatriz Souza,Curitiba,PR
2694, Gabriel Costa ,Curitiba,PR
2695,Fernanda Santos,Brasília,DF
2696,Beatriz Rocha,Brasília,DF
2697,Ana Silva,Porto Alegre,RS
2698,Bruno Lima,Salvador,BA
2699,Amanda Oliveira,Recife,PE
2700,Thiago Pereira,Curitiba,PR
2701,Ana Alves,Rio de Janeiro,RJ
2702,Camila Oliveira,Belo Horizonte,MG
2703,Camila Carvalho,Recife,PE
2704,Thiago Mendes,Curitiba,PR
2705,Ana Souza,Brasília,DF
2706,Mariana Silva,Curitiba,PR
2707,Fernanda Costa,Brasília,DF
2708,Beatriz Ferreira,Belo Horizonte,MG
2709,Thiago Gomes,Recife,PE
2710,Bruno Rocha,Rio de Janeiro,RJ
2711,Diego Carvalho,Salvador,BA
2712,Renato Barbosa,Fortaleza,CE
2713,Renato Mendes,Rio de Janeiro,RJ
2714,João Lima,Rio de Janeiro,RJ
2715,Carlos Oliveira,Fortaleza,CE
2716,Juliana Ribeiro,Recife,PE
2717,Pedro Costa,Brasília,DF
2718,Diego Pereira,Curitiba,PR
2719,João Pereira,Salvador,BA
2720,Thiago Souza,Fortaleza,CE
2721,Diego Costa,Salvador,BA
2722,Amanda Alves,Curitiba,PR
2723,Patricia Pereira,Porto Alegre,rs
2724,Gabriel Ribeiro,Brasília,DF
2725,Beatriz Rocha,Salvador,BA
2726,João Santos,Porto Alegre,RS
2727,Lucas Santos,São Paulo,SP
2728,Beatriz Costa,Belo Horizonte,MG
2729,Patricia Gomes,Goiânia,GO
2730,Pedro Alves,Porto Alegre,RS
2731,Thiago Lima,Belo Horizonte,MG
2732,Renato Silva,Rio de Janeiro,RJ
2733,Amanda Barbosa,Belo Horizonte,MG
2734,Carlos Rocha,Curitiba,Pr
2735,Renato Mendes,São Paulo,SP
2736,Carlos Rocha,Brasília,DF
2737,Beatriz Ribeiro,Belo Horizonte,MG
2738,Amanda Ferreira,Belo Horizonte,MG
2739,Patricia Martins,São Paulo,SP
2740,Bruno Mendes,Porto Alegre,RS
2741,Bruno Ferreira,,rj
2742,Beatriz Alves,Goiânia,GO
2743,Bruno Oliveira,Recife,PE
2744,Gabriel Gomes,São Paulo,SP
2745,Carlos Oliveira,Rio de Janeiro,RJ
2746,Thiago Martins,Brasília,DF
2747, Rafael Rocha ,Goiânia,GO
2748, Gabriel Martins ,São Paulo,SP
2749,Renato Oliveira,Porto Alegre,RS
2750,Rafael Mendes,Salvador,BA
2751,Fernanda Mendes,Recife,PE
2752,Bruno Costa,Belo Horizonte,MG
2753,Renato Gomes,Salvador,BA
2754,Beatriz Santos,Salvador,BA
2755,Fernanda Carvalho,Porto Alegre,RS
2756,Gabriel Carvalho,Goiânia,GO
2757,Gabriel Pereira,Porto Alegre,RS
2758,Renato Rocha,Salvador,BA
2759,Renato Silva,Rio de Janeiro,RJ
2760,Diego Ribeiro,Fortaleza,CE
2761,Pedro Pereira,Rio de Janeiro,
2762,Gabriel Mendes,Curitiba,PR
2763,Gabriel Lima,Brasília,DF
2764,Camila Santos,Salvador,BA
2765,Maria Alves,Fortaleza,CE
2766,João Barbosa,Belo Horizonte,MG
2767,Fernanda Alves,Recife,PE
2768,João Ribeiro,Belo Horizonte,MG
2769,Beatriz Rocha,Brasília,DF
2770,Lucas Martins,Curitiba,PR
2771,Thiago Gomes,Porto Alegre,RS
2772,Bruno Martins,Salvador,BA
2773,Fernanda Carvalho,Fortaleza,CE
2774,Ana Carvalho,Belo Horizonte,MG
2775,Carlos Barbosa,Fortaleza,CE
2776,Amanda Alves,Salvador,BA
2777,Larissa Alves,Recife,PE
2778,Rafael Rocha,Recife,PE
2779, Mariana Silva ,Fortaleza,CE
2780,Juliana Barbosa,Curitiba,Pr
2781,Bruno Mendes,São Paulo,SP
2782,Ana Gomes,Belo Horizonte,MG
2783,Camila Carvalho,Belo Horizonte,MG
2784,Patricia Lima,Fortaleza,CE
2785,João Souza,Salvador,BA
2786,Pedro Santos,Fortaleza,CE
2787,Lucas Alves,Goiânia,GO
2788,Mariana Silva,Recife,PE
2789,Carlos Gomes,Goiânia,GO
2790,Patricia Gomes,Recife,PE
2791,Carlos Ribeiro,Salvador,BA
2792,Bruno Barbosa,Rio de Janeiro,RJ
2793,Fernanda Ferreira,Rio de Janeiro,RJ
2794,Diego Mendes,São Paulo,SP
2795, Larissa Souza ,Salvador,
2796,,,ce
2797,Camila Silva,Goiânia,GO
2798,Mariana Pereira,Goiânia,GO
2799,Juliana Oliveira,Curitiba,PR
2800,Rafael Costa,Fortaleza,CE
2801,João Souza,Fortaleza,CE
2802,Carlos Ribeiro,Porto Alegre,RS
2803,Thiago Costa,Rio de Janeiro,RJ
2804,Amanda Carvalho,Recife,PE
2805,Gabriel Rocha,Rio de Janeiro,RJ
2806, Fernanda Ferreira ,Curitiba,PR
2807,Lucas Gomes,São Paulo,SP
2808,Beatriz Oliveira,Fortaleza,
2809,Diego Gomes,Fortaleza,CE
2810,Ana Rocha,Belo Horizonte,MG
2811,Gabriel Martins,Brasília,
2812,,Rio de Janeiro,RJ
2813,Gabriel Ribeiro,Recife,PE
2814,Maria Souza,Belo Horizonte,MG
2815,Thiago Costa,Salvador,BA
2816,Maria Ribeiro,Brasília,DF
2817,Maria Martins,Fortaleza,CE
2818,Juliana Souza,Belo Horizonte,
2819,Fernanda Carvalho,Rio de Janeiro,RJ
2820,Thiago Silva,São Paulo,SP
2821,Carlos Ribeiro,São Paulo,SP
2822,Renato Costa,Brasília,DF
2823,Gabriel Souza,Curitiba,PR
2824,Bruno Martins,Goiânia,GO
2825,Camila Pereira,Porto Alegre,RS
2826,,Brasília,DF
2827,Lucas Barbosa,Porto Alegre,RS
2828,Gabriel Souza,Recife,PE
2829,Pedro Oliveira,Rio de Janeiro,RJ
2830,Pedro Costa,Fortaleza,CE
2831,Bruno Gomes,Porto Alegre,RS
2832,Thiago Mendes,Rio de Janeiro,RJ
2833,Lucas Santos,Fortaleza,CE
2834,Diego Souza,Recife,PE
2835,Maria Gomes,Curitiba,
2836,Pedro Alves,Brasília,DF
2837,Ana Rocha,Goiânia,GO
2838,Diego Pereira,Belo Horizonte,MG
2839, João Lima ,Salvador,BA
2840,Mariana Ferreira,Recife,PE
2841,Gabriel Gomes,Curitiba,PR
2842,Fernanda Costa,Belo Horizonte,MG
2843,João Rocha,Rio de Janeiro,RJ
2844,Camila Costa,Curitiba,PR
2845,Carlos Santos,Brasília,DF
2846,,Curitiba,PR
2847,Maria Lima,Rio de Janeiro,RJ
2848,,São Paulo,SP
2849,Thiago Oliveira,Belo Horizonte,MG
2850, Larissa Santos ,São Paulo,SP
2851,Thiago Gomes,Porto Alegre,RS
2852,Fernanda Barbosa,Goiânia,GO
2853,Rafael Barbosa,Curitiba,PR
2854,Fernanda Lima,Porto Alegre,RS
2855,Gabriel Mendes,Curitiba,PR
2856,,Porto Alegre,RS
2857,Larissa Alves,Brasília,DF
2858,Lucas Gomes,Brasília,DF
2859,Rafael Rocha,Brasília,DF
2860,Gabriel Lima,Fortaleza,CE
2861,Lucas Pereira,Goiânia,GO
2862,Patricia Ferreira,Porto Alegre,RS
2863,Carlos Rocha,Porto Alegre,RS
2864,Amanda Martins,São Paulo,SP
2865,Mariana Gomes,Fortaleza,CE
2866,João Pereira,Brasília,DF
2867,Thiago Lima,Brasília,DF
2868,Ana Martins,Salvador,BA
2869,Ana Barbosa,Salvador,BA
2870,Diego Souza,Rio de Janeiro,RJ
2871,João Souza,Salvador,BA
2872,Juliana Pereira,Curitiba,PR
2873,Pedro Ferreira,Goiânia,GO
2874,Rafael Barbosa,Salvador,BA
2875,Carlos Costa,Curitiba,PR
2876,Amanda Martins,Curitiba,PR
2877,Bruno Alves,Rio de Janeiro,RJ
2878,Rafael Oliveira,São Paulo,SP
2879,Gabriel Barbosa,Curitiba,PR
2880,Juliana Rocha,Goiânia,GO
2881,João Barbosa,Goiânia,GO
2882,Pedro Ferreira,Rio de Janeiro,RJ
2883,Gabriel Lima,Rio de Janeiro,RJ
2884,Lucas Carvalho,Porto Alegre,RS
2885,Pedro Ferreira,Goiânia,GO
2886,Amanda Martins,Curitiba,PR
2887,Diego Mendes,Fortaleza,CE
2888,,Salvador,BA
2889, Fernanda Ribeiro ,Porto Alegre,RS
2890,Maria Mendes,Recife,PE
2891,Maria Lima,,go
2892,Camila Gomes,Belo Horizonte,MG
2893,Maria Mendes,Brasília,DF
2894,Patricia Martins,Salvador,BA
2895,Bruno Pereira,Recife,PE
2896,Rafael Santos,Salvador,BA
2897,João Lima,Rio de Janeiro,RJ
2898,Pedro Lima,Goiânia,GO
2899,Pedro Silva,São Paulo,SP
2900,Amanda Santos,Curitiba,PR
2901,Rafael Carvalho,Rio de Janeiro,RJ
2902, Ana Pereira ,Rio de Janeiro,RJ
2903,Pedro Silva,Brasília,DF
2904,Maria Santos,Brasília,DF
2905,Beatriz Pereira,Recife,PE
2906,Camila Souza,Recife,PE
2907,,Curitiba,PR
2908,Larissa Pereira,Rio de Janeiro,RJ
2909, Mariana Carvalho ,Belo Horizonte,MG
2910,Thiago Ribeiro,Goiânia,GO
2911,Lucas Martins,Porto Alegre,RS
2912,Diego Silva,Porto Alegre,RS
2913,Maria Santos,Recife,PE
2914,Amanda Martins,Rio de Janeiro,RJ
2915,Rafael Silva,Rio de Janeiro,RJ
2916,Juliana Santos,Goiânia,GO
2917,Rafael Ferreira,Recife,PE
2918,Beatriz Carvalho,Fortaleza,CE
2919,Thiago Costa,São Paulo,SP
2920,Rafael Carvalho,Brasília,DF
2921,Rafael Lima,Curitiba,PR
2922,João Lima,Salvador,BA
2923,Ana Gomes,,ba
2924,Mariana Lima,Goiânia,GO
2925,João Gomes,Recife,PE
2926,João Barbosa,Brasília,DF
2927,Larissa Mendes,Belo Horizonte,MG
2928,Beatriz Martins,Brasília,DF
2929,Maria Ferreira,Rio de Janeiro,Rj
2930,Beatriz Ribeiro,Curitiba,PR
2931,Lucas Martins,,pe
2932,Mariana Carvalho,Porto Alegre,RS
2933,Carlos Lima,Fortaleza,CE
2934,Ana Ferreira,Goiânia,GO
2935, Rafael Ferreira ,Brasília,DF
2936,Fernanda Carvalho,Recife,PE
2937,Thiago Carvalho,Belo Horizonte,MG
2938,Thiago Alves,Goiânia,GO
2939,Fernanda Barbosa,Goiânia,GO
2940,,Fortaleza,CE
2941,Ana Carvalho,Rio de Janeiro,RJ
2942,Bruno Santos,Recife,PE
2943,Bruno Lima,Salvador,BA
2944, Fernanda Alves ,São Paulo,SP
2945,Beatriz Lima,Porto Alegre,RS
2946,Renato Pereira,Belo Horizonte,MG
2947,Carlos Ribeiro,São Paulo,SP
2948,Diego Ribeiro,Belo Horizonte,MG
2949,João Ribeiro,Porto Alegre,RS
2950,João Martins,Rio de Janeiro,RJ
2951,Ana Rocha,Brasília,DF
2952,Renato Oliveira,Porto Alegre,RS
2953,Amanda Rocha,Porto Alegre,RS
2954,João Oliveira,São Paulo,SP
2955,Juliana Lima,Salvador,BA
2956,João Martins,Salvador,BA
2957,Maria Ribeiro,Salvador,BA
2958,Diego Souza,Curitiba,PR
2959,Ana Lima,Rio de Janeiro,RJ
2960,Fernanda Santos,Salvador,BA
2961,Patricia Carvalho,Rio de Janeiro,RJ
2962,Diego Martins,Brasília,DF
2963,Pedro Pereira,Recife,PE
2964,Bruno Alves,Belo Horizonte,Mg
2965,João Souza,Belo Horizonte,MG
2966, Fernanda Lima ,Curitiba,PR
2967,Gabriel Silva,Fortaleza,CE
2968,Patricia Santos,São Paulo,SP
2969, Fernanda Barbosa ,São Paulo,SP
2970,Juliana Costa,Brasília,DF
2971,Amanda Ribeiro,Porto Alegre,RS
2972,Mariana Pereira,Goiânia,GO
2973,Bruno Gomes,Rio de Janeiro,RJ
2974,Rafael Gomes,Belo Horizonte,MG
2975, Carlos Pereira ,Belo Horizonte,MG
2976,Camila Pereira,Goiânia,GO
2977,Maria Alves,Goiânia,GO
2978,Lucas Silva,,rs
2979,Renato Pereira,Recife,PE
2980,Renato Rocha,Brasília,DF
2981,Beatriz Barbosa,Fortaleza,CE
2982,Fernanda Santos,Goiânia,GO
2983,,São Paulo,SP
2984,Bruno Silva,Porto Alegre,RS
2985,Mariana Oliveira,São Paulo,SP
2986,Patricia Ferreira,Rio de Janeiro,RJ
2987,Camila Souza,Rio de Janeiro,RJ
2988,Lucas Oliveira,São Paulo,SP
2989,Mariana Silva,Rio de Janeiro,
2990,Thiago Mendes,,rs
2991,Pedro Lima,Belo Horizonte,Mg
2992,João Souza,Recife,PE
2993,Mariana Silva,Goiânia,GO
2994,Bruno Ribeiro,Recife,PE
2995,Bruno Pereira,Belo Horizonte,MG
2996,Maria Martins,Fortaleza,CE
2997,Fernanda Souza,Porto Alegre,RS
2998,Rafael Barbosa,Fortaleza,CE
2999,Juliana Lima,Salvador,BA
3000,Mariana Gomes,Salvador,BA
3001,Camila Lima,Recife,PE
3002,Patricia Santos,Goiânia,GO
3003,Juliana Rocha,Recife,PE
3004,Mariana Souza,Salvador,BA
3005,Ana Carvalho,Fortaleza,CE
3006,Thiago Lima,Belo Horizonte,MG
3007,Patricia Oliveira,Fortaleza,CE
3008,Thiago Silva,Porto Alegre,RS
3009,Mariana Alves,Salvador,BA
3010,Juliana Gomes,Fortaleza,CE
3011,Thiago Ferreira,Brasília,DF
3012,Fernanda Rocha,Curitiba,PR
3013,Lucas Silva,Fortaleza,CE
3014,Pedro Ribeiro,Belo Horizonte,MG
3015,Lucas Oliveira,,mg
3016, Carlos Pereira ,Curitiba,PR
3017,Pedro Mendes,Recife,PE
3018,Juliana Gomes,São Paulo,SP
3019,Gabriel Ferreira,Belo Horizonte,MG
3020,Beatriz Souza,Recife,PE
3021,Juliana Silva,Porto Alegre,RS
3022,Gabriel Oliveira,Brasília,DF
3023,Juliana Barbosa,São Paulo,SP
3024,Pedro Barbosa,Porto Alegre,RS
3025,Carlos Rocha,Brasília,DF
3026,Beatriz Souza,Salvador,BA
3027,Rafael Pereira,Goiânia,GO
3028,,Curitiba,PR
3029,João Rocha,Rio de Janeiro,RJ
3030,Thiago Gomes,Fortaleza,CE
3031, Thiago Oliveira ,Fortaleza,CE
3032,Camila Costa,São Paulo,SP
3033,Carlos Lima,Rio de Janeiro,RJ
3034,João Gomes,Curitiba,PR
3035, Mariana Alves ,Salvador,BA
3036,Beatriz Alves,Recife,PE
3037,Carlos Oliveira,Curitiba,PR
3038,Amanda Silva,Recife,PE
3039,Patricia Silva,Fortaleza,CE
3040,Larissa Oliveira,Brasília,DF
3041,Larissa Martins,Rio de Janeiro,Rj
3042,Juliana Barbosa,Brasília,DF
3043,Ana Oliveira,São Paulo,SP
3044,Lucas Rocha,Fortaleza,CE
3045,Pedro Costa,Goiânia,GO
3046,Fernanda Pereira,Curitiba,PR
3047,Gabriel Silva,Salvador,Ba
3048,Carlos Mendes,Goiânia,GO
3049,Ana Carvalho,Belo Horizonte,MG
3050,Lucas Barbosa,Recife,PE
3051,Gabriel Santos,Curitiba,PR
3052,Ana Santos,Recife,PE
3053,Thiago Costa,Belo Horizonte,MG
3054,Juliana Alves,Porto Alegre,RS
3055,Maria Carvalho,,df
3056,Juliana Gomes,Recife,PE
3057,Ana Barbosa,Goiânia,GO
3058,Patricia Costa,Belo Horizonte,MG
3059,Pedro Martins,Goiânia,go
3060, Pedro Lima ,São Paulo,SP
3061,Rafael Carvalho,Porto Alegre,RS
3062,Camila Barbosa,Fortaleza,CE
3063,Thiago Lima,Recife,PE
3064,Renato Santos,Porto Alegre,RS
3065,Camila Alves,Salvador,BA
3066,Fernanda Pereira,Salvador,BA
3067,Renato Martins,Porto Alegre,RS
3068,Lucas Lima,Porto Alegre,RS
3069,Larissa Carvalho,Belo Horizonte,MG
3070,Mariana Oliveira,Porto Alegre,RS
3071,Renato Costa,Recife,PE
3072,Bruno Rocha,Fortaleza,CE
3073,Pedro Mendes,Rio de Janeiro,RJ
3074,Gabriel Silva,Rio de Janeiro,RJ
3075,Beatriz Rocha,Fortaleza,CE
3076,Thiago Martins,Belo Horizonte,MG
3077,Beatriz Oliveira,Recife,PE
3078,Ana Costa,Rio de Janeiro,RJ
3079,Maria Souza,Rio de Janeiro,RJ
3080,Bruno Lima,Rio de Janeiro,RJ
3081,Lucas Souza,Goiânia,Go
3082,Amanda Mendes,Porto Alegre,RS
3083,Amanda Mendes,Fortaleza,CE
3084,João Carvalho,Belo Horizonte,MG
3085,Gabriel Pereira,Fortaleza,CE
3086,Pedro Mendes,Recife,PE
3087,Patricia Alves,Belo Horizonte,MG
3088,Mariana Alves,Porto Alegre,RS
3089,Camila Martins,Goiânia,GO
3090,Rafael Pereira,Belo Horizonte,MG
3091,Rafael Rocha,Curitiba,PR
3092,Amanda Gomes,São Paulo,SP
3093,Beatriz Martins,Fortaleza,CE
3094,,Fortaleza,CE
3095,Amanda Pereira,Salvador,BA
3096, Gabriel Costa ,Brasília,DF
3097,Gabriel Mendes,Belo Horizonte,MG
3098,Gabriel Barbosa,São Paulo,SP
3099,Pedro Rocha,São Paulo,SP
3100,Gabriel Silva,Recife,PE
